Time,COP
2022-11-01 00:00:00,8.78
2022-11-01 01:00:00,1.81
2022-11-01 02:00:00,6.12
2022-11-01 03:00:00,3.39
2022-11-01 04:00:00,10.1
00:00,1
2022-11-01 06:00:00,10.6
2022-11-01 07:00:00,9.87
2022-11-01 08:00:00,11.2
2022-11-01 09:00:00,13.7
2022-11-01 10:00:00,9.59
2022-11-01 11:00:00,9.32
2022-11-01 12:00:00,10.9
2022-11-01 13:00:00,9.67
2022-11-01 14:00:00,8.78
2022-11-01 15:00:00,5.49
2022-11-01 16:00:00,4.95
2022-11-01 17:00:00,96.8
2022-11-01 18:00:00,3.78
2022-11-01 19:00:00,4.09
2022-11-01 20:00:00,11.7
2022-11-01 21:00:00,4.01
00:00,0
2022-11-01 23:00:00,6.58
2022-11-02 00:00:00,1.82
2022-11-02 01:00:00,3.07
00:00,0
2022-11-02 03:00:00,5.99
2022-11-02 04:00:00,1.55
00:00,0
00:00,0
00:00,0
00:00,0
00:00,0
00:00,0
00:00,0
00:00,0
00:00,0
00:00,0
00:00,0
00:00,0
00:00,0
00:00,0
00:00,0
00:00,0
00:00,0
00:00,0
00:00,0
00:00,0
2022-11-03 01:00:00,1.60
2022-11-03 02:00:00,3.42
2022-11-03 03:00:00,1.04
00:00,0
2022-11-03 05:00:00,5.82
2022-11-03 06:00:00,11.3
2022-11-03 07:00:00,6.73
2022-11-03 08:00:00,6.50
2022-11-03 09:00:00,3.33
2022-11-03 10:00:00,2.88
2022-11-03 11:00:00,2.00
2022-11-03 12:00:00,4.91
00:00,0
2022-11-03 14:00:00,4.75
00:00,0
00:00,0
2022-11-03 17:00:00,5.42
2022-11-03 18:00:00,3.95
2022-11-03 19:00:00,7.40
2022-11-03 20:00:00,7.39
2022-11-03 21:00:00,4.35
00:00,0
00:00,0
00:00,0
00:00,0
00:00,0
00:00,0
00:00,0
00:00,0
00:00,0
00:00,0
2022-11-04 08:00:00,3.90
2022-11-04 09:00:00,11.6
2022-11-04 10:00:00,7.42
2022-11-04 11:00:00,5.48
04/11/2022 12:00
04/11/2022 13:00
04/11/2022 14:00
04/11/2022 15:00
04/11/2022 16:00
04/11/2022 17:00
04/11/2022 18:00
04/11/2022 19:00
04/11/2022 20:00
04/11/2022 21:00
04/11/2022 22:00
04/11/2022 23:00
05/11/2022 00:00
05/11/2022 01:00
05/11/2022 02:00
05/11/2022 03:00
05/11/2022 04:00
05/11/2022 05:00
05/11/2022 06:00
05/11/2022 07:00
05/11/2022 08:00
05/11/2022 09:00
05/11/2022 10:00
05/11/2022 11:00
05/11/2022 12:00
05/11/2022 13:00
05/11/2022 14:00
05/11/2022 15:00
05/11/2022 16:00
05/11/2022 17:00
05/11/2022 18:00
05/11/2022 19:00
05/11/2022 20:00
05/11/2022 21:00
05/11/2022 22:00
05/11/2022 23:00
06/11/2022 00:00
06/11/2022 01:00
06/11/2022 02:00
06/11/2022 03:00
06/11/2022 04:00
06/11/2022 05:00
06/11/2022 06:00
06/11/2022 07:00
06/11/2022 08:00
06/11/2022 09:00
06/11/2022 10:00
06/11/2022 11:00
06/11/2022 12:00
06/11/2022 13:00
06/11/2022 14:00
06/11/2022 15:00
06/11/2022 16:00
06/11/2022 17:00
06/11/2022 18:00
06/11/2022 19:00
06/11/2022 20:00
06/11/2022 21:00
06/11/2022 22:00
06/11/2022 23:00
07/11/2022 00:00
07/11/2022 01:00
07/11/2022 02:00
07/11/2022 03:00
07/11/2022 04:00
07/11/2022 05:00
07/11/2022 06:00
07/11/2022 07:00
07/11/2022 08:00
07/11/2022 09:00
07/11/2022 10:00
07/11/2022 11:00
07/11/2022 12:00
00:00,0
2022-11-07 14:00:00,1.51
2022-11-07 15:00:00,11.1
2022-11-07 16:00:00,6.85
2022-11-07 17:00:00,7.93
00:00,2
2022-11-07 19:00:00,1.42
2022-11-07 20:00:00,10.5
2022-11-07 21:00:00,2.34
2022-11-07 22:00:00,7.65
2022-11-07 23:00:00,13.0
2022-11-08 00:00:00,4.57
00:00,0
2022-11-08 02:00:00,2.09
00:00,0
00:00,0
00:00,0
00:00,0
2022-11-08 07:00:00,7.69
2022-11-08 08:00:00,8.27
2022-11-08 09:00:00,1.54
00:00,0
2022-11-08 11:00:00,6.96
2022-11-08 12:00:00,3.03
2022-11-08 13:00:00,2.98
2022-11-08 14:00:00,3.19
2022-11-08 15:00:00,1.47
00:00,0
2022-11-08 17:00:00,3.97
2022-11-08 18:00:00,11.8
2022-11-08 19:00:00,8.01
2022-11-08 20:00:00,6.94
2022-11-08 21:00:00,7.99
00:00,0
2022-11-08 23:00:00,10.7
2022-11-09 00:00:00,3.15
2022-11-09 01:00:00,3.05
2022-11-09 02:00:00,7.54
00:00,0
2022-11-09 04:00:00,5.81
2022-11-09 05:00:00,12.1
2022-11-09 06:00:00,2.16
2022-11-09 07:00:00,9.42
2022-11-09 08:00:00,9.37
2022-11-09 09:00:00,3.79
2022-11-09 10:00:00,5.06
2022-11-09 11:00:00,4.12
2022-11-09 12:00:00,9.49
2022-11-09 13:00:00,7.77
2022-11-09 14:00:00,7.79
2022-11-09 15:00:00,7.67
2022-11-09 16:00:00,8.51
2022-11-09 17:00:00,6.54
2022-11-09 18:00:00,91.9
2022-11-09 19:00:00,8.02
2022-11-09 20:00:00,7.04
2022-11-09 21:00:00,1.04
00:00,0
2022-11-09 23:00:00,95.8
2022-11-10 00:00:00,7.05
2022-11-10 01:00:00,4.34
2022-11-10 02:00:00,9.55
2022-11-10 03:00:00,5.17
2022-11-10 04:00:00,10.3
2022-11-10 05:00:00,1.74
2022-11-10 06:00:00,6.82
00:00,1
2022-11-10 08:00:00,6.33
2022-11-10 09:00:00,6.42
2022-11-10 10:00:00,6.28
2022-11-10 11:00:00,9.57
2022-11-10 12:00:00,8.11
2022-11-10 13:00:00,7.41
00:00,0
2022-11-10 15:00:00,3.74
2022-11-10 16:00:00,6.93
00:00,0
00:00,0
2022-11-10 19:00:00,7.30
2022-11-10 20:00:00,4.66
2022-11-10 21:00:00,5.12
2022-11-10 22:00:00,0.723
2022-11-10 23:00:00,1.38
2022-11-11 00:00:00,7.89
00:00,0
2022-11-11 02:00:00,6.35
2022-11-11 03:00:00,9.74
2022-11-11 04:00:00,2.79
2022-11-11 05:00:00,6.03
00:00,0
2022-11-11 07:00:00,1.33
2022-11-11 08:00:00,6.89
2022-11-11 09:00:00,2.08
2022-11-11 10:00:00,6.69
2022-11-11 11:00:00,7.18
2022-11-11 12:00:00,5.63
2022-11-11 13:00:00,0.272
00:00,0
00:00,0
00:00,0
00:00,1
2022-11-11 18:00:00,6.53
00:00,0
2022-11-11 20:00:00,10.5
2022-11-11 21:00:00,15.4
2022-11-11 22:00:00,15.9
2022-11-11 23:00:00,7.56
2022-11-12 00:00:00,8.86
2022-11-12 01:00:00,8.57
2022-11-12 02:00:00,8.68
2022-11-12 03:00:00,14.6
2022-11-12 04:00:00,14.9
2022-11-12 05:00:00,11.8
2022-11-12 06:00:00,17.5
2022-11-12 07:00:00,16.6
2022-11-12 08:00:00,12.9
2022-11-12 09:00:00,10.0
2022-11-12 10:00:00,9.02
2022-11-12 11:00:00,9.88
2022-11-12 12:00:00,4.72
00:00,0
00:00,0
00:00,0
00:00,0
00:00,0
00:00,0
00:00,0
00:00,0
00:00,0
00:00,0
00:00,0
00:00,0
00:00,0
00:00,0
00:00,0
00:00,0
00:00,0
00:00,0
00:00,0
00:00,0
2022-11-13 09:00:00,2.54
2022-11-13 10:00:00,3.57
2022-11-13 11:00:00,2.56
2022-11-13 12:00:00,4.40
00:00,0
2022-11-13 14:00:00,5.29
2022-11-13 15:00:00,5.18
2022-11-13 16:00:00,6.05
2022-11-13 17:00:00,2.67
2022-11-13 18:00:00,5.46
2022-11-13 19:00:00,8.40
2022-11-13 20:00:00,4.21
2022-11-13 21:00:00,1.54
2022-11-13 22:00:00,5.17
2022-11-13 23:00:00,4.88
2022-11-14 00:00:00,3.57
00:00,0
2022-11-14 02:00:00,3.03
2022-11-14 03:00:00,0.204
00:00,0
2022-11-14 05:00:00,0.168
2022-11-14 06:00:00,3.11
00:00,0
2022-11-14 08:00:00,5.69
2022-11-14 09:00:00,4.21
2022-11-14 10:00:00,6.09
2022-11-14 11:00:00,3.54
2022-11-14 12:00:00,3.70
2022-11-14 13:00:00,3.70
2022-11-14 14:00:00,2.62
2022-11-14 15:00:00,7.83
2022-11-14 16:00:00,7.53
2022-11-14 17:00:00,7.18
2022-11-14 18:00:00,8.53
2022-11-14 19:00:00,9.68
2022-11-14 20:00:00,8.47
2022-11-14 21:00:00,9.84
2022-11-14 22:00:00,12.3
2022-11-14 23:00:00,9.36
2022-11-15 00:00:00,6.16
2022-11-15 01:00:00,4.11
2022-11-15 02:00:00,6.82
2022-11-15 03:00:00,0.923
2022-11-15 04:00:00,3.17
2022-11-15 05:00:00,3.76
2022-11-15 06:00:00,8.30
2022-11-15 07:00:00,0.753
2022-11-15 08:00:00,6.11
2022-11-15 09:00:00,8.39
2022-11-15 10:00:00,6.63
2022-11-15 11:00:00,8.55
2022-11-15 12:00:00,10.5
2022-11-15 13:00:00,19.1
2022-11-15 14:00:00,7.89
2022-11-15 15:00:00,3.77
2022-11-15 16:00:00,6.83
2022-11-15 17:00:00,5.63
2022-11-15 18:00:00,2.93
2022-11-15 19:00:00,9.11
2022-11-15 20:00:00,16.0
2022-11-15 21:00:00,9.25
2022-11-15 22:00:00,1.62
2022-11-15 23:00:00,5.06
2022-11-16 00:00:00,7.22
2022-11-16 01:00:00,10.1
2022-11-16 02:00:00,10.2
2022-11-16 03:00:00,9.66
2022-11-16 04:00:00,8.84
2022-11-16 05:00:00,8.80
2022-11-16 06:00:00,2.47
00:00,0
2022-11-16 08:00:00,3.65
00:00,0
2022-11-16 10:00:00,5.48
2022-11-16 11:00:00,8.38
2022-11-16 12:00:00,10.8
2022-11-16 13:00:00,4.15
2022-11-16 14:00:00,13.5
2022-11-16 15:00:00,7.89
2022-11-16 16:00:00,9.13
2022-11-16 17:00:00,8.26
2022-11-16 18:00:00,7.84
00:00,1
2022-11-16 20:00:00,2.58
2022-11-16 21:00:00,3.68
2022-11-16 22:00:00,13.2
2022-11-16 23:00:00,7.83
2022-11-17 00:00:00,1.86
2022-11-17 01:00:00,0.227
00:00,0
00:00,0
00:00,0
2022-11-17 05:00:00,0.764
2022-11-17 06:00:00,5.93
2022-11-17 07:00:00,4.21
2022-11-17 08:00:00,6.21
2022-11-17 09:00:00,3.32
00:00,0
2022-11-17 11:00:00,19.1
2022-11-17 12:00:00,15.1
2022-11-17 13:00:00,8.07
2022-11-17 14:00:00,3.57
00:00,0
00:00,0
00:00,0
00:00,0
00:00,0
00:00,0
00:00,0
00:00,0
00:00,0
00:00,0
00:00,0
00:00,0
00:00,0
00:00,0
00:00,0
00:00,0
00:00,0
00:00,0
00:00,0
00:00,0
00:00,0
00:00,0
00:00,0
2022-11-18 14:00:00,3.83
00:00,0
2022-11-18 16:00:00,7.39
2022-11-18 17:00:00,8.47
2022-11-18 18:00:00,2.67
2022-11-18 19:00:00,9.17
2022-11-18 20:00:00,1.50
2022-11-18 21:00:00,7.45
2022-11-18 22:00:00,2.48
2022-11-18 23:00:00,4.67
2022-11-19 00:00:00,8.21
2022-11-19 01:00:00,6.47
2022-11-19 02:00:00,3.65
2022-11-19 03:00:00,9.49
2022-11-19 04:00:00,3.63
2022-11-19 05:00:00,9.01
2022-11-19 06:00:00,7.17
2022-11-19 07:00:00,7.47
2022-11-19 08:00:00,9.05
2022-11-19 09:00:00,6.37
00:00,0
2022-11-19 11:00:00,6.57
2022-11-19 12:00:00,4.48
2022-11-19 13:00:00,1.19
2022-11-19 14:00:00,7.29
2022-11-19 15:00:00,1.73
2022-11-19 16:00:00,7.22
2022-11-19 17:00:00,87.6
2022-11-19 18:00:00,10.8
2022-11-19 19:00:00,9.21
2022-11-19 20:00:00,5.22
2022-11-19 21:00:00,6.09
2022-11-19 22:00:00,9.15
00:00,0
2022-11-20 00:00:00,1.74
2022-11-20 01:00:00,8.45
2022-11-20 02:00:00,67.9
2022-11-20 03:00:00,9.75
2022-11-20 04:00:00,9.23
2022-11-20 05:00:00,8.43
2022-11-20 06:00:00,2.04
2022-11-20 07:00:00,5.67
2022-11-20 08:00:00,3.44
2022-11-20 09:00:00,1.50
2022-11-20 10:00:00,3.39
00:00,0
2022-11-20 12:00:00,2.25
2022-11-20 13:00:00,2.97
2022-11-20 14:00:00,7.13
2022-11-20 15:00:00,8.23
2022-11-20 16:00:00,9.25
2022-11-20 17:00:00,8.85
2022-11-20 18:00:00,3.65
2022-11-20 19:00:00,7.33
2022-11-20 20:00:00,79.4
2022-11-20 21:00:00,3.58
2022-11-20 22:00:00,5.48
2022-11-20 23:00:00,8.99
00:00,0
2022-11-21 01:00:00,2.04
2022-11-21 02:00:00,9.50
2022-11-21 03:00:00,4.65
00:00,0
2022-11-21 05:00:00,1.53
2022-11-21 06:00:00,10.3
2022-11-21 07:00:00,12.1
2022-11-21 08:00:00,1.27
2022-11-21 09:00:00,96.2
2022-11-21 10:00:00,4.99
2022-11-21 11:00:00,4.15
2022-11-21 12:00:00,1.38
2022-11-21 13:00:00,6.09
2022-11-21 14:00:00,5.51
2022-11-21 15:00:00,0.501
2022-11-21 16:00:00,4.94
2022-11-21 17:00:00,3.50
2022-11-21 18:00:00,6.36
2022-11-21 19:00:00,2.05
2022-11-21 20:00:00,4.96
2022-11-21 21:00:00,5.37
2022-11-21 22:00:00,5.45
2022-11-21 23:00:00,4.31
2022-11-22 00:00:00,8.26
00:00,0
00:00,0
2022-11-22 03:00:00,6.58
2022-11-22 04:00:00,4.43
2022-11-22 05:00:00,6.16
2022-11-22 06:00:00,9.28
2022-11-22 07:00:00,6.46
2022-11-22 08:00:00,3.72
2022-11-22 09:00:00,6.24
2022-11-22 10:00:00,7.74
2022-11-22 11:00:00,7.92
2022-11-22 12:00:00,3.12
2022-11-22 13:00:00,3.49
00:00,0
2022-11-22 15:00:00,0.700
2022-11-22 16:00:00,2.41
00:00,0
00:00,0
00:00,0
2022-11-22 20:00:00,1.44
00:00,0
00:00,0
2022-11-22 23:00:00,3.66
00:00,0
2022-11-23 01:00:00,7.09
2022-11-23 02:00:00,2.54
2022-11-23 03:00:00,0.674
2022-11-23 04:00:00,7.40
00:00,0
00:00,0
2022-11-23 07:00:00,7.10
00:00,0
2022-11-23 09:00:00,3.77
2022-11-23 10:00:00,4.66
00:00,0
00:00,0
00:00,0
00:00,0
00:00,0
00:00,0
00:00,0
00:00,0
00:00,0
00:00,0
00:00,0
00:00,0
00:00,0
00:00,0
00:00,0
00:00,0
00:00,0
00:00,0
00:00,0
00:00,0
00:00,0
00:00,0
00:00,0
00:00,0
00:00,0
00:00,0
00:00,0
00:00,0
00:00,0
00:00,0
00:00,0
00:00,0
00:00,0
00:00,0
00:00,0
00:00,0
00:00,0
00:00,0
00:00,0
00:00,0
00:00,0
00:00,0
00:00,0
00:00,0
00:00,0
00:00,0
00:00,0
00:00,0
00:00,0
00:00,0
00:00,0
00:00,0
00:00,0
00:00,0
00:00,0
00:00,0
00:00,0
00:00,0
00:00,0
00:00,0
00:00,0
00:00,0
00:00,0
00:00,0
00:00,0
00:00,0
00:00,0
00:00,0
00:00,0
00:00,0
00:00,0
00:00,0
2022-11-26 11:00:00,1.27
2022-11-26 12:00:00,5.46
2022-11-26 13:00:00,6.66
2022-11-26 14:00:00,9.63
2022-11-26 15:00:00,8.91
2022-11-26 16:00:00,9.86
2022-11-26 17:00:00,9.11
2022-11-26 18:00:00,11.0
2022-11-26 19:00:00,8.95
2022-11-26 20:00:00,8.58
2022-11-26 21:00:00,10.2
2022-11-26 22:00:00,10.5
2022-11-26 23:00:00,10.8
2022-11-27 00:00:00,10.4
2022-11-27 01:00:00,10.4
2022-11-27 02:00:00,10.3
2022-11-27 03:00:00,10.1
2022-11-27 04:00:00,9.79
2022-11-27 05:00:00,7.81
2022-11-27 06:00:00,9.63
2022-11-27 07:00:00,9.03
2022-11-27 08:00:00,9.28
2022-11-27 09:00:00,9.92
2022-11-27 10:00:00,8.60
2022-11-27 11:00:00,8.66
2022-11-27 12:00:00,8.28
2022-11-27 13:00:00,8.10
2022-11-27 14:00:00,9.24
2022-11-27 15:00:00,8.83
2022-11-27 16:00:00,8.93
2022-11-27 17:00:00,8.78
2022-11-27 18:00:00,9.51
2022-11-27 19:00:00,7.64
2022-11-27 20:00:00,9.14
2022-11-27 21:00:00,5.82
2022-11-27 22:00:00,9.86
2022-11-27 23:00:00,8.15
2022-11-28 00:00:00,10.6
2022-11-28 01:00:00,3.61
2022-11-28 02:00:00,8.60
2022-11-28 03:00:00,9.92
2022-11-28 04:00:00,9.88
2022-11-28 05:00:00,8.99
2022-11-28 06:00:00,1.92
2022-11-28 07:00:00,6.72
2022-11-28 08:00:00,8.61
2022-11-28 09:00:00,8.41
2022-11-28 10:00:00,8.50
2022-11-28 11:00:00,8.55
2022-11-28 12:00:00,8.31
2022-11-28 13:00:00,9.07
2022-11-28 14:00:00,9.31
2022-11-28 15:00:00,9.88
2022-11-28 16:00:00,10.6
2022-11-28 17:00:00,8.13
2022-11-28 18:00:00,6.75
2022-11-28 19:00:00,2.95
2022-11-28 20:00:00,9.86
2022-11-28 21:00:00,9.33
2022-11-28 22:00:00,8.71
2022-11-28 23:00:00,9.78
2022-11-29 00:00:00,9.14
2022-11-29 01:00:00,9.10
2022-11-29 02:00:00,10.2
2022-11-29 03:00:00,10.0
2022-11-29 04:00:00,5.34
2022-11-29 05:00:00,9.40
2022-11-29 06:00:00,9.72
2022-11-29 07:00:00,4.28
2022-11-29 08:00:00,8.55
2022-11-29 09:00:00,5.74
29/11/2022 10:00
2022-11-29 11:00:00,6.92
2022-11-29 12:00:00,7.77
2022-11-29 13:00:00,6.61
2022-11-29 14:00:00,4.40
2022-11-29 15:00:00,8.91
2022-11-29 16:00:00,8.29
2022-11-29 17:00:00,9.25
2022-11-29 18:00:00,9.37
2022-11-29 19:00:00,10.5
2022-11-29 20:00:00,9.67
2022-11-29 21:00:00,9.64
2022-11-29 22:00:00,9.07
2022-11-29 23:00:00,5.60
2022-11-30 00:00:00,9.28
2022-11-30 01:00:00,9.39
2022-11-30 02:00:00,10.2
00:00,1
2022-11-30 04:00:00,10.2
2022-11-30 05:00:00,9.52
2022-11-30 06:00:00,5.64
2022-11-30 07:00:00,2.79
2022-11-30 08:00:00,9.49
2022-11-30 09:00:00,6.99
00:00,1
2022-11-30 11:00:00,1.69
2022-11-30 12:00:00,8.23
2022-11-30 13:00:00,3.51
2022-11-30 14:00:00,7.78
2022-11-30 15:00:00,9.21
2022-11-30 16:00:00,7.14
2022-11-30 17:00:00,8.93
2022-11-30 18:00:00,3.02
00:00,1
2022-11-30 20:00:00,11.0
2022-11-30 21:00:00,10.1
2022-11-30 22:00:00,10.0
2022-11-30 23:00:00,10.8
2022-12-01 00:00:00,13.3
2022-12-01 01:00:00,9.47
2022-12-01 02:00:00,7.89
2022-12-01 03:00:00,7.46
2022-12-01 04:00:00,8.86
2022-12-01 05:00:00,8.93
2022-12-01 06:00:00,9.39
2022-12-01 07:00:00,9.17
2022-12-01 08:00:00,8.93
2022-12-01 09:00:00,8.91
2022-12-01 10:00:00,5.64
2022-12-01 11:00:00,5.21
2022-12-01 12:00:00,8.73
2022-12-01 13:00:00,4.88
2022-12-01 14:00:00,2.85
2022-12-01 15:00:00,8.45
2022-12-01 16:00:00,8.66
2022-12-01 17:00:00,10.8
2022-12-01 18:00:00,1.37
00:00,0
00:00,0
00:00,0
00:00,0
2022-12-01 23:00:00,2.08
2022-12-02 00:00:00,10.8
2022-12-02 01:00:00,9.86
2022-12-02 02:00:00,5.31
2022-12-02 03:00:00,6.77
2022-12-02 04:00:00,0.926
2022-12-02 05:00:00,3.02
2022-12-02 06:00:00,6.44
2022-12-02 07:00:00,2.23
00:00,0
00:00,0
00:00,0
00:00,0
2022-12-02 12:00:00,2.10
2022-12-02 13:00:00,4.35
00:00,0
2022-12-02 15:00:00,6.32
2022-12-02 16:00:00,2.58
00:00,0
2022-12-02 18:00:00,10.7
2022-12-02 19:00:00,5.67
2022-12-02 20:00:00,9.36
2022-12-02 21:00:00,2.57
2022-12-02 22:00:00,9.39
2022-12-02 23:00:00,4.12
00:00,0
2022-12-03 01:00:00,9.94
2022-12-03 02:00:00,7.71
00:00,0
2022-12-03 04:00:00,3.98
00:00,0
00:00,0
2022-12-03 07:00:00,2.04
2022-12-03 08:00:00,10.5
2022-12-03 09:00:00,7.26
2022-12-03 10:00:00,8.07
2022-12-03 11:00:00,7.65
2022-12-03 12:00:00,5.07
2022-12-03 13:00:00,4.16
2022-12-03 14:00:00,8.34
2022-12-03 15:00:00,2.68
2022-12-03 16:00:00,6.08
00:00,0
2022-12-03 18:00:00,2.24
2022-12-03 19:00:00,9.62
2022-12-03 20:00:00,1.08
2022-12-03 21:00:00,8.76
2022-12-03 22:00:00,11.3
2022-12-03 23:00:00,6.32
2022-12-04 00:00:00,1.11
2022-12-04 01:00:00,6.06
2022-12-04 02:00:00,10.4
2022-12-04 03:00:00,1.92
00:00,0
2022-12-04 05:00:00,10.2
2022-12-04 06:00:00,2.56
2022-12-04 07:00:00,0.688
2022-12-04 08:00:00,9.61
2022-12-04 09:00:00,3.60
00:00,0
00:00,9
2022-12-04 12:00:00,2.97
2022-12-04 13:00:00,5.31
2022-12-04 14:00:00,8.37
2022-12-04 15:00:00,9.67
2022-12-04 16:00:00,9.95
2022-12-04 17:00:00,4.56
2022-12-04 18:00:00,8.54
2022-12-04 19:00:00,5.28
2022-12-04 20:00:00,1.65
2022-12-04 21:00:00,7.19
2022-12-04 22:00:00,1.06
2022-12-04 23:00:00,7.20
2022-12-05 00:00:00,9.60
2022-12-05 01:00:00,2.66
2022-12-05 02:00:00,4.39
2022-12-05 03:00:00,5.87
2022-12-05 04:00:00,9.78
2022-12-05 05:00:00,6.15
2022-12-05 06:00:00,6.80
00:00,0
05/12/2022 08:00
05/12/2022 09:00
05/12/2022 10:00
05/12/2022 11:00
05/12/2022 12:00
05/12/2022 13:00
05/12/2022 14:00
05/12/2022 15:00
05/12/2022 16:00
05/12/2022 17:00
05/12/2022 18:00
05/12/2022 19:00
05/12/2022 20:00
05/12/2022 21:00
05/12/2022 22:00
05/12/2022 23:00
06/12/2022 00:00
06/12/2022 01:00
06/12/2022 02:00
06/12/2022 03:00
06/12/2022 04:00
06/12/2022 05:00
06/12/2022 06:00
2022-12-06 07:00:00,9.23
2022-12-06 08:00:00,10.7
2022-12-06 09:00:00,8.46
2022-12-06 10:00:00,9.42
2022-12-06 11:00:00,11.4
2022-12-06 12:00:00,9.15
2022-12-06 13:00:00,5.61
2022-12-06 14:00:00,9.22
2022-12-06 15:00:00,9.69
2022-12-06 16:00:00,3.65
2022-12-06 17:00:00,5.92
2022-12-06 18:00:00,13.2
2022-12-06 19:00:00,18.6
2022-12-06 20:00:00,34.7
2022-12-06 21:00:00,25.3
2022-12-06 22:00:00,3.16
00:00,0
00:00,0
00:00,0
00:00,0
00:00,0
00:00,0
00:00,0
00:00,0
00:00,0
2022-12-07 08:00:00,1.47
2022-12-07 09:00:00,4.49
2022-12-07 10:00:00,8.15
2022-12-07 11:00:00,8.33
2022-12-07 12:00:00,8.41
2022-12-07 13:00:00,8.14
2022-12-07 14:00:00,7.99
2022-12-07 15:00:00,8.20
2022-12-07 16:00:00,9.94
2022-12-07 17:00:00,8.03
2022-12-07 18:00:00,8.96
2022-12-07 19:00:00,12.8
2022-12-07 20:00:00,8.50
2022-12-07 21:00:00,10.0
2022-12-07 22:00:00,7.76
2022-12-07 23:00:00,7.91
2022-12-08 00:00:00,9.24
2022-12-08 01:00:00,7.66
2022-12-08 02:00:00,8.37
2022-12-08 03:00:00,9.41
2022-12-08 04:00:00,10.3
2022-12-08 05:00:00,19.8
2022-12-08 06:00:00,12.6
2022-12-08 07:00:00,10.0
2022-12-08 08:00:00,10.4
2022-12-08 09:00:00,8.20
2022-12-08 10:00:00,6.34
2022-12-08 11:00:00,8.46
2022-12-08 12:00:00,9.05
2022-12-08 13:00:00,8.55
2022-12-08 14:00:00,8.99
2022-12-08 15:00:00,15.9
2022-12-08 16:00:00,8.08
2022-12-08 17:00:00,8.12
2022-12-08 18:00:00,9.04
2022-12-08 19:00:00,8.67
2022-12-08 20:00:00,8.72
2022-12-08 21:00:00,9.53
2022-12-08 22:00:00,9.62
2022-12-08 23:00:00,9.40
2022-12-09 00:00:00,10.9
2022-12-09 01:00:00,10.0
2022-12-09 02:00:00,10.8
2022-12-09 03:00:00,8.70
2022-12-09 04:00:00,9.80
2022-12-09 05:00:00,9.84
2022-12-09 06:00:00,9.21
2022-12-09 07:00:00,8.84
2022-12-09 08:00:00,7.90
2022-12-09 09:00:00,22.9
2022-12-09 10:00:00,7.84
2022-12-09 11:00:00,11.8
2022-12-09 12:00:00,8.20
2022-12-09 13:00:00,7.53
2022-12-09 14:00:00,6.91
2022-12-09 15:00:00,8.79
2022-12-09 16:00:00,6.83
2022-12-09 17:00:00,5.22
2022-12-09 18:00:00,7.28
2022-12-09 19:00:00,6.24
2022-12-09 20:00:00,7.24
2022-12-09 21:00:00,7.27
2022-12-09 22:00:00,10.0
2022-12-09 23:00:00,8.19
2022-12-10 00:00:00,11.7
2022-12-10 01:00:00,6.96
2022-12-10 02:00:00,10.1
2022-12-10 03:00:00,6.62
2022-12-10 04:00:00,40.2
2022-12-10 05:00:00,11.3
2022-12-10 06:00:00,9.57
2022-12-10 07:00:00,87.7
2022-12-10 08:00:00,9.47
2022-12-10 09:00:00,10.3
2022-12-10 10:00:00,6.90
2022-12-10 11:00:00,11.1
2022-12-10 12:00:00,7.97
2022-12-10 13:00:00,6.53
2022-12-10 14:00:00,7.19
2022-12-10 15:00:00,9.84
2022-12-10 16:00:00,7.54
2022-12-10 17:00:00,6.45
2022-12-10 18:00:00,7.54
2022-12-10 19:00:00,11.5
2022-12-10 20:00:00,15.7
2022-12-10 21:00:00,11.6
2022-12-10 22:00:00,10.6
2022-12-10 23:00:00,11.6
2022-12-11 00:00:00,9.47
2022-12-11 01:00:00,9.79
2022-12-11 02:00:00,8.86
2022-12-11 03:00:00,10.6
2022-12-11 04:00:00,10.1
2022-12-11 05:00:00,12.1
2022-12-11 06:00:00,9.59
2022-12-11 07:00:00,9.49
2022-12-11 08:00:00,8.28
2022-12-11 09:00:00,10.5
2022-12-11 10:00:00,10.7
2022-12-11 11:00:00,18.8
2022-12-11 12:00:00,6.79
2022-12-11 13:00:00,8.38
2022-12-11 14:00:00,9.06
2022-12-11 15:00:00,5.96
2022-12-11 16:00:00,6.00
2022-12-11 17:00:00,10.4
2022-12-11 18:00:00,9.45
2022-12-11 19:00:00,9.40
2022-12-11 20:00:00,8.20
2022-12-11 21:00:00,11.0
2022-12-11 22:00:00,8.61
2022-12-11 23:00:00,9.90
2022-12-12 00:00:00,7.99
2022-12-12 01:00:00,7.23
2022-12-12 02:00:00,7.79
2022-12-12 03:00:00,50.9
2022-12-12 04:00:00,8.16
2022-12-12 05:00:00,8.19
2022-12-12 06:00:00,12.1
2022-12-12 07:00:00,8.65
2022-12-12 08:00:00,8.53
2022-12-12 09:00:00,8.80
2022-12-12 10:00:00,9.23
2022-12-12 11:00:00,6.99
2022-12-12 12:00:00,7.29
2022-12-12 13:00:00,5.39
2022-12-12 14:00:00,6.78
2022-12-12 15:00:00,7.77
2022-12-12 16:00:00,7.09
2022-12-12 17:00:00,7.71
2022-12-12 18:00:00,7.66
2022-12-12 19:00:00,66.6
2022-12-12 20:00:00,11.8
2022-12-12 21:00:00,8.03
2022-12-12 22:00:00,6.71
2022-12-12 23:00:00,5.34
2022-12-13 00:00:00,4.83
2022-12-13 01:00:00,1.30
2022-12-13 02:00:00,4.30
00:00,0
2022-12-13 04:00:00,6.81
2022-12-13 05:00:00,7.85
2022-12-13 06:00:00,4.85
2022-12-13 07:00:00,4.53
2022-12-13 08:00:00,6.08
2022-12-13 09:00:00,6.23
2022-12-13 10:00:00,7.92
2022-12-13 11:00:00,8.77
2022-12-13 12:00:00,10.1
2022-12-13 13:00:00,3.31
2022-12-13 14:00:00,1.69
2022-12-13 15:00:00,9.36
2022-12-13 16:00:00,15.2
2022-12-13 17:00:00,8.89
2022-12-13 18:00:00,8.14
2022-12-13 19:00:00,6.69
2022-12-13 20:00:00,6.87
2022-12-13 21:00:00,12.9
2022-12-13 22:00:00,8.53
2022-12-13 23:00:00,13.4
2022-12-14 00:00:00,8.99
2022-12-14 01:00:00,8.27
2022-12-14 02:00:00,10.1
2022-12-14 03:00:00,62.5
2022-12-14 04:00:00,7.92
2022-12-14 05:00:00,9.46
2022-12-14 06:00:00,71.1
2022-12-14 07:00:00,9.49
2022-12-14 08:00:00,9.52
2022-12-14 09:00:00,8.27
2022-12-14 10:00:00,7.93
2022-12-14 11:00:00,5.76
2022-12-14 12:00:00,5.69
2022-12-14 13:00:00,5.69
2022-12-14 14:00:00,5.69
2022-12-14 15:00:00,5.69
2022-12-14 16:00:00,5.69
2022-12-14 17:00:00,5.16
2022-12-14 18:00:00,8.98
2022-12-14 19:00:00,64.4
2022-12-14 20:00:00,76.0
2022-12-14 21:00:00,8.98
2022-12-14 22:00:00,6.42
2022-12-14 23:00:00,9.23
2022-12-15 00:00:00,9.68
2022-12-15 01:00:00,9.28
2022-12-15 02:00:00,0.587
2022-12-15 03:00:00,5.53
2022-12-15 04:00:00,9.41
2022-12-15 05:00:00,9.88
2022-12-15 06:00:00,8.13
2022-12-15 07:00:00,9.34
2022-12-15 08:00:00,9.69
2022-12-15 09:00:00,6.86
2022-12-15 10:00:00,10.2
2022-12-15 11:00:00,7.68
2022-12-15 12:00:00,7.72
2022-12-15 13:00:00,7.15
2022-12-15 14:00:00,6.65
2022-12-15 15:00:00,6.79
2022-12-15 16:00:00,3.24
2022-12-15 17:00:00,7.48
2022-12-15 18:00:00,8.54
2022-12-15 19:00:00,9.00
2022-12-15 20:00:00,7.22
2022-12-15 21:00:00,76.7
2022-12-15 22:00:00,9.58
2022-12-15 23:00:00,7.52
2022-12-16 00:00:00,6.34
2022-12-16 01:00:00,4.50
2022-12-16 02:00:00,9.38
2022-12-16 03:00:00,7.57
2022-12-16 04:00:00,8.65
2022-12-16 05:00:00,9.33
2022-12-16 06:00:00,6.75
2022-12-16 07:00:00,9.22
2022-12-16 08:00:00,8.27
2022-12-16 09:00:00,8.48
2022-12-16 10:00:00,6.55
2022-12-16 11:00:00,7.70
2022-12-16 12:00:00,6.13
2022-12-16 13:00:00,8.19
2022-12-16 14:00:00,2.61
2022-12-16 15:00:00,7.67
2022-12-16 16:00:00,7.26
2022-12-16 17:00:00,7.19
2022-12-16 18:00:00,6.93
2022-12-16 19:00:00,4.50
2022-12-16 20:00:00,6.86
2022-12-16 21:00:00,7.68
2022-12-16 22:00:00,67.2
2022-12-16 23:00:00,5.75
2022-12-17 00:00:00,2.32
00:00,0
00:00,0
2022-12-17 03:00:00,8.80
00:00,1
2022-12-17 05:00:00,9.50
2022-12-17 06:00:00,8.69
2022-12-17 07:00:00,3.63
00:00,0
2022-12-17 09:00:00,6.83
2022-12-17 10:00:00,5.95
2022-12-17 11:00:00,9.02
2022-12-17 12:00:00,3.80
2022-12-17 13:00:00,6.09
2022-12-17 14:00:00,7.16
2022-12-17 15:00:00,9.21
2022-12-17 16:00:00,9.19
2022-12-17 17:00:00,9.49
2022-12-17 18:00:00,8.89
2022-12-17 19:00:00,8.89
2022-12-17 20:00:00,8.89
2022-12-17 21:00:00,8.89
2022-12-17 22:00:00,8.89
2022-12-17 23:00:00,8.89
2022-12-18 00:00:00,8.89
2022-12-18 01:00:00,9.11
2022-12-18 02:00:00,6.57
2022-12-18 03:00:00,7.60
2022-12-18 04:00:00,9.09
2022-12-18 05:00:00,8.94
2022-12-18 06:00:00,8.77
2022-12-18 07:00:00,8.72
2022-12-18 08:00:00,7.95
2022-12-18 09:00:00,8.25
2022-12-18 10:00:00,8.97
2022-12-18 11:00:00,6.84
2022-12-18 12:00:00,7.93
2022-12-18 13:00:00,4.05
2022-12-18 14:00:00,4.87
2022-12-18 15:00:00,5.29
2022-12-18 16:00:00,5.00
2022-12-18 17:00:00,9.04
2022-12-18 18:00:00,8.68
2022-12-18 19:00:00,91.3
2022-12-18 20:00:00,8.49
2022-12-18 21:00:00,7.68
2022-12-18 22:00:00,7.09
2022-12-18 23:00:00,80.3
2022-12-19 00:00:00,54.8
2022-12-19 01:00:00,3.38
2022-12-19 02:00:00,9.12
2022-12-19 03:00:00,7.32
2022-12-19 04:00:00,9.47
2022-12-19 05:00:00,7.89
2022-12-19 06:00:00,12.5
2022-12-19 07:00:00,60.6
2022-12-19 08:00:00,8.08
2022-12-19 09:00:00,8.13
2022-12-19 10:00:00,8.45
2022-12-19 11:00:00,73.3
2022-12-19 12:00:00,2.31
2022-12-19 13:00:00,5.57
2022-12-19 14:00:00,7.23
2022-12-19 15:00:00,10.1
2022-12-19 16:00:00,7.53
2022-12-19 17:00:00,68.2
2022-12-19 18:00:00,7.97
2022-12-19 19:00:00,5.89
2022-12-19 20:00:00,8.59
2022-12-19 21:00:00,6.12
2022-12-19 22:00:00,4.40
2022-12-19 23:00:00,68.5
2022-12-20 00:00:00,7.25
00:00,1
2022-12-20 02:00:00,7.50
2022-12-20 03:00:00,7.96
2022-12-20 04:00:00,8.32
2022-12-20 05:00:00,49.7
2022-12-20 06:00:00,7.07
2022-12-20 07:00:00,7.24
2022-12-20 08:00:00,11.2
2022-12-20 09:00:00,10.8
2022-12-20 10:00:00,10.3
2022-12-20 11:00:00,7.90
2022-12-20 12:00:00,10.6
2022-12-20 13:00:00,10.4
2022-12-20 14:00:00,10.1
2022-12-20 15:00:00,4.42
2022-12-20 16:00:00,24.5
2022-12-20 17:00:00,5.66
2022-12-20 18:00:00,4.54
2022-12-20 19:00:00,6.93
2022-12-20 20:00:00,9.28
2022-12-20 21:00:00,48.2
2022-12-20 22:00:00,6.79
2022-12-20 23:00:00,7.41
2022-12-21 00:00:00,11.3
2022-12-21 01:00:00,8.50
2022-12-21 02:00:00,9.09
2022-12-21 03:00:00,7.73
2022-12-21 04:00:00,8.45
2022-12-21 05:00:00,9.11
2022-12-21 06:00:00,8.82
2022-12-21 07:00:00,8.41
2022-12-21 08:00:00,7.56
00:00,1
2022-12-21 10:00:00,62.1
2022-12-21 11:00:00,9.66
2022-12-21 12:00:00,10.4
2022-12-21 13:00:00,9.33
2022-12-21 14:00:00,7.85
2022-12-21 15:00:00,56.0
2022-12-21 16:00:00,4.31
2022-12-21 17:00:00,8.12
2022-12-21 18:00:00,4.21
2022-12-21 19:00:00,8.12
2022-12-21 20:00:00,70.0
2022-12-21 21:00:00,7.34
2022-12-21 22:00:00,8.93
2022-12-21 23:00:00,7.15
2022-12-22 00:00:00,8.04
2022-12-22 01:00:00,9.99
2022-12-22 02:00:00,6.85
2022-12-22 03:00:00,6.61
2022-12-22 04:00:00,7.47
2022-12-22 05:00:00,5.63
2022-12-22 06:00:00,30.8
2022-12-22 07:00:00,4.66
2022-12-22 08:00:00,5.59
2022-12-22 09:00:00,1.41
2022-12-22 10:00:00,8.12
2022-12-22 11:00:00,5.14
2022-12-22 12:00:00,7.42
2022-12-22 13:00:00,3.10
2022-12-22 14:00:00,7.56
2022-12-22 15:00:00,9.28
2022-12-22 16:00:00,9.55
2022-12-22 17:00:00,7.84
2022-12-22 18:00:00,48.6
2022-12-22 19:00:00,5.78
2022-12-22 20:00:00,6.54
2022-12-22 21:00:00,5.38
2022-12-22 22:00:00,8.73
2022-12-22 23:00:00,9.74
2022-12-23 00:00:00,8.49
2022-12-23 01:00:00,9.94
2022-12-23 02:00:00,10.7
2022-12-23 03:00:00,11.9
2022-12-23 04:00:00,8.27
2022-12-23 05:00:00,0.655
2022-12-23 06:00:00,8.74
2022-12-23 07:00:00,2.56
2022-12-23 08:00:00,1.08
00:00,0
2022-12-23 10:00:00,6.05
2022-12-23 11:00:00,9.12
2022-12-23 12:00:00,6.90
2022-12-23 13:00:00,7.60
2022-12-23 14:00:00,5.28
2022-12-23 15:00:00,9.18
2022-12-23 16:00:00,8.98
2022-12-23 17:00:00,5.39
2022-12-23 18:00:00,8.76
2022-12-23 19:00:00,5.63
2022-12-23 20:00:00,4.69
2022-12-23 21:00:00,8.31
2022-12-23 22:00:00,8.02
2022-12-23 23:00:00,7.31
2022-12-24 00:00:00,4.07
2022-12-24 01:00:00,4.95
2022-12-24 02:00:00,8.66
2022-12-24 03:00:00,8.23
2022-12-24 04:00:00,7.32
2022-12-24 05:00:00,9.92
2022-12-24 06:00:00,8.17
2022-12-24 07:00:00,7.37
2022-12-24 08:00:00,10.6
2022-12-24 09:00:00,5.75
2022-12-24 10:00:00,8.35
2022-12-24 11:00:00,11.0
2022-12-24 12:00:00,9.77
2022-12-24 13:00:00,8.65
2022-12-24 14:00:00,6.30
2022-12-24 15:00:00,7.84
2022-12-24 16:00:00,6.50
2022-12-24 17:00:00,11.2
2022-12-24 18:00:00,7.01
2022-12-24 19:00:00,12.3
2022-12-24 20:00:00,12.7
2022-12-24 21:00:00,9.81
2022-12-24 22:00:00,8.22
2022-12-24 23:00:00,8.07
2022-12-25 00:00:00,6.60
2022-12-25 01:00:00,7.07
2022-12-25 02:00:00,6.50
2022-12-25 03:00:00,7.38
2022-12-25 04:00:00,7.79
2022-12-25 05:00:00,5.35
2022-12-25 06:00:00,5.38
2022-12-25 07:00:00,8.17
2022-12-25 08:00:00,5.46
2022-12-25 09:00:00,7.13
2022-12-25 10:00:00,6.01
2022-12-25 11:00:00,5.69
2022-12-25 12:00:00,8.96
2022-12-25 13:00:00,6.11
2022-12-25 14:00:00,7.45
2022-12-25 15:00:00,7.66
2022-12-25 16:00:00,7.33
2022-12-25 17:00:00,8.05
2022-12-25 18:00:00,53.6
2022-12-25 19:00:00,8.42
2022-12-25 20:00:00,67.8
2022-12-25 21:00:00,10.4
2022-12-25 22:00:00,13.1
00:00,1
2022-12-26 00:00:00,64.1
2022-12-26 01:00:00,7.91
2022-12-26 02:00:00,9.23
2022-12-26 03:00:00,8.01
2022-12-26 04:00:00,9.85
00:00,1
2022-12-26 06:00:00,5.02
2022-12-26 07:00:00,7.16
2022-12-26 08:00:00,8.02
2022-12-26 09:00:00,7.11
00:00,2
2022-12-26 11:00:00,8.72
2022-12-26 12:00:00,7.27
2022-12-26 13:00:00,9.22
2022-12-26 14:00:00,11.2
2022-12-26 15:00:00,7.22
2022-12-26 16:00:00,7.67
2022-12-26 17:00:00,8.25
2022-12-26 18:00:00,5.07
2022-12-26 19:00:00,73.0
2022-12-26 20:00:00,4.22
2022-12-26 21:00:00,7.16
2022-12-26 22:00:00,63.8
2022-12-26 23:00:00,8.78
2022-12-27 00:00:00,61.7
2022-12-27 01:00:00,6.85
2022-12-27 02:00:00,4.35
2022-12-27 03:00:00,4.30
2022-12-27 04:00:00,5.62
2022-12-27 05:00:00,5.49
2022-12-27 06:00:00,5.31
2022-12-27 07:00:00,7.01
2022-12-27 08:00:00,8.71
2022-12-27 09:00:00,6.22
2022-12-27 10:00:00,8.82
2022-12-27 11:00:00,7.25
2022-12-27 12:00:00,6.63
2022-12-27 13:00:00,6.78
2022-12-27 14:00:00,10.1
2022-12-27 15:00:00,9.68
2022-12-27 16:00:00,9.63
2022-12-27 17:00:00,8.58
2022-12-27 18:00:00,9.01
2022-12-27 19:00:00,10.1
2022-12-27 20:00:00,9.66
2022-12-27 21:00:00,6.22
2022-12-27 22:00:00,8.71
2022-12-27 23:00:00,5.59
2022-12-28 00:00:00,8.87
2022-12-28 01:00:00,7.95
2022-12-28 02:00:00,8.30
2022-12-28 03:00:00,7.90
2022-12-28 04:00:00,7.32
2022-12-28 05:00:00,60.0
2022-12-28 06:00:00,8.84
2022-12-28 07:00:00,10.4
2022-12-28 08:00:00,7.76
2022-12-28 09:00:00,7.59
2022-12-28 10:00:00,9.27
2022-12-28 11:00:00,65.7
2022-12-28 12:00:00,7.32
2022-12-28 13:00:00,7.43
2022-12-28 14:00:00,4.38
2022-12-28 15:00:00,6.05
2022-12-28 16:00:00,5.58
2022-12-28 17:00:00,8.93
2022-12-28 18:00:00,6.34
2022-12-28 19:00:00,9.25
2022-12-28 20:00:00,9.73
2022-12-28 21:00:00,7.25
2022-12-28 22:00:00,6.28
2022-12-28 23:00:00,13.3
2022-12-29 00:00:00,9.30
2022-12-29 01:00:00,8.50
2022-12-29 02:00:00,7.30
2022-12-29 03:00:00,9.85
2022-12-29 04:00:00,8.26
2022-12-29 05:00:00,8.70
2022-12-29 06:00:00,12.0
2022-12-29 07:00:00,76.2
2022-12-29 08:00:00,54.6
2022-12-29 09:00:00,9.13
00:00,1
2022-12-29 11:00:00,6.77
2022-12-29 12:00:00,6.80
2022-12-29 13:00:00,7.74
2022-12-29 14:00:00,8.94
2022-12-29 15:00:00,7.12
2022-12-29 16:00:00,8.65
2022-12-29 17:00:00,8.29
00:00,1
2022-12-29 19:00:00,8.21
2022-12-29 20:00:00,9.65
2022-12-29 21:00:00,29.0
2022-12-29 22:00:00,7.31
2022-12-29 23:00:00,8.58
2022-12-30 00:00:00,58.0
2022-12-30 01:00:00,8.12
2022-12-30 02:00:00,8.25
2022-12-30 03:00:00,8.36
2022-12-30 04:00:00,6.10
2022-12-30 05:00:00,12.1
2022-12-30 06:00:00,6.07
2022-12-30 07:00:00,8.26
2022-12-30 08:00:00,12.9
2022-12-30 09:00:00,6.34
2022-12-30 10:00:00,13.8
2022-12-30 11:00:00,8.91
2022-12-30 12:00:00,8.50
2022-12-30 13:00:00,7.44
2022-12-30 14:00:00,9.10
2022-12-30 15:00:00,8.56
2022-12-30 16:00:00,9.77
2022-12-30 17:00:00,8.62
2022-12-30 18:00:00,10.4
2022-12-30 19:00:00,11.7
2022-12-30 20:00:00,8.15
2022-12-30 21:00:00,8.72
2022-12-30 22:00:00,10.2
2022-12-30 23:00:00,10.5
2022-12-31 00:00:00,9.86
2022-12-31 01:00:00,8.06
2022-12-31 02:00:00,6.52
2022-12-31 03:00:00,7.48
2022-12-31 04:00:00,6.84
2022-12-31 05:00:00,9.88
2022-12-31 06:00:00,11.8
2022-12-31 07:00:00,17.4
2022-12-31 08:00:00,6.54
2022-12-31 09:00:00,2.76
2022-12-31 10:00:00,9.03
2022-12-31 11:00:00,9.10
2022-12-31 12:00:00,10.2
2022-12-31 13:00:00,8.06
2022-12-31 14:00:00,14.0
2022-12-31 15:00:00,9.27
2022-12-31 16:00:00,9.56
2022-12-31 17:00:00,7.88
2022-12-31 18:00:00,15.5
2022-12-31 19:00:00,9.76
2022-12-31 20:00:00,7.71
2022-12-31 21:00:00,8.29
2022-12-31 22:00:00,7.70
2022-12-31 23:00:00,11.8
2023-01-01 00:00:00,6.52
2023-01-01 01:00:00,3.62
2023-01-01 02:00:00,7.60
2023-01-01 03:00:00,81.7
2023-01-01 04:00:00,14.2
2023-01-01 05:00:00,10.1
2023-01-01 06:00:00,13.2
2023-01-01 07:00:00,11.3
2023-01-01 08:00:00,7.15
2023-01-01 09:00:00,8.19
2023-01-01 10:00:00,7.92
2023-01-01 11:00:00,10.2
2023-01-01 12:00:00,18.2
2023-01-01 13:00:00,5.09
2023-01-01 14:00:00,3.95
2023-01-01 15:00:00,4.35
2023-01-01 16:00:00,2.24
2023-01-01 17:00:00,8.77
2023-01-01 18:00:00,8.92
2023-01-01 19:00:00,7.41
2023-01-01 20:00:00,4.95
2023-01-01 21:00:00,11.5
2023-01-01 22:00:00,7.40
2023-01-01 23:00:00,12.4
2023-01-02 00:00:00,7.47
2023-01-02 01:00:00,11.1
2023-01-02 02:00:00,9.30
2023-01-02 03:00:00,14.1
2023-01-02 04:00:00,8.75
2023-01-02 05:00:00,6.67
2023-01-02 06:00:00,15.9
2023-01-02 07:00:00,10.6
2023-01-02 08:00:00,11.6
2023-01-02 09:00:00,17.4
00:00,0
2023-01-02 11:00:00,6.39
2023-01-02 12:00:00,2.94
2023-01-02 13:00:00,10.0
2023-01-02 14:00:00,3.91
2023-01-02 15:00:00,23.2
2023-01-02 16:00:00,5.47
2023-01-02 17:00:00,95.0
2023-01-02 18:00:00,8.43
2023-01-02 19:00:00,9.20
2023-01-02 20:00:00,6.64
2023-01-02 21:00:00,7.32
2023-01-02 22:00:00,4.95
2023-01-02 23:00:00,3.80
2023-01-03 00:00:00,7.87
2023-01-03 01:00:00,7.48
2023-01-03 02:00:00,9.65
2023-01-03 03:00:00,9.44
2023-01-03 04:00:00,0.239
2023-01-03 05:00:00,6.64
2023-01-03 06:00:00,0.659
00:00,1
2023-01-03 08:00:00,7.69
2023-01-03 09:00:00,7.52
2023-01-03 10:00:00,4.94
2023-01-03 11:00:00,6.13
2023-01-03 12:00:00,5.99
2023-01-03 13:00:00,4.16
2023-01-03 14:00:00,10.4
2023-01-03 15:00:00,6.36
2023-01-03 16:00:00,8.56
2023-01-03 17:00:00,4.68
2023-01-03 18:00:00,3.19
00:00,0
2023-01-03 20:00:00,87.2
2023-01-03 21:00:00,5.49
2023-01-03 22:00:00,86.8
2023-01-03 23:00:00,9.24
2023-01-04 00:00:00,10.2
2023-01-04 01:00:00,9.07
2023-01-04 02:00:00,6.92
00:00,1
2023-01-04 04:00:00,7.53
2023-01-04 05:00:00,3.52
2023-01-04 06:00:00,6.61
2023-01-04 07:00:00,7.35
2023-01-04 08:00:00,3.83
2023-01-04 09:00:00,7.44
2023-01-04 10:00:00,8.64
2023-01-04 11:00:00,9.35
2023-01-04 12:00:00,9.57
2023-01-04 13:00:00,8.11
2023-01-04 14:00:00,8.88
2023-01-04 15:00:00,7.42
2023-01-04 16:00:00,8.70
2023-01-04 17:00:00,8.36
2023-01-04 18:00:00,5.26
2023-01-04 19:00:00,9.04
2023-01-04 20:00:00,9.63
2023-01-04 21:00:00,8.92
2023-01-04 22:00:00,10.6
2023-01-04 23:00:00,10.1
2023-01-05 00:00:00,10.2
2023-01-05 01:00:00,10.0
2023-01-05 02:00:00,11.0
2023-01-05 03:00:00,10.3
2023-01-05 04:00:00,10.4
2023-01-05 05:00:00,9.98
2023-01-05 06:00:00,7.80
2023-01-05 07:00:00,10.7
2023-01-05 08:00:00,9.95
2023-01-05 09:00:00,10.7
2023-01-05 10:00:00,6.50
2023-01-05 11:00:00,8.73
2023-01-05 12:00:00,8.13
2023-01-05 13:00:00,5.16
2023-01-05 14:00:00,9.92
2023-01-05 15:00:00,9.95
2023-01-05 16:00:00,9.35
2023-01-05 17:00:00,10.3
2023-01-05 18:00:00,10.2
2023-01-05 19:00:00,9.73
2023-01-05 20:00:00,10.1
2023-01-05 21:00:00,9.75
2023-01-05 22:00:00,9.27
2023-01-05 23:00:00,10.4
2023-01-06 00:00:00,10.7
2023-01-06 01:00:00,10.5
2023-01-06 02:00:00,11.3
2023-01-06 03:00:00,9.49
2023-01-06 04:00:00,10.5
2023-01-06 05:00:00,10.3
2023-01-06 06:00:00,10.9
2023-01-06 07:00:00,10.2
2023-01-06 08:00:00,5.74
2023-01-06 09:00:00,7.34
2023-01-06 10:00:00,4.31
2023-01-06 11:00:00,4.10
2023-01-06 12:00:00,-44
2023-01-06 13:00:00,-4.0
2023-01-06 14:00:00,10.1
2023-01-06 15:00:00,3.28
2023-01-06 16:00:00,2.37
2023-01-06 17:00:00,10.1
2023-01-06 18:00:00,5.62
2023-01-06 19:00:00,7.24
2023-01-06 20:00:00,9.36
2023-01-06 21:00:00,8.30
2023-01-06 22:00:00,10.7
2023-01-06 23:00:00,10.7
2023-01-07 00:00:00,10.4
2023-01-07 01:00:00,10.7
2023-01-07 02:00:00,10.6
2023-01-07 03:00:00,12.1
2023-01-07 04:00:00,10.7
2023-01-07 05:00:00,10.5
2023-01-07 06:00:00,10.4
2023-01-07 07:00:00,11.0
2023-01-07 08:00:00,6.59
00:00,0
00:00,0
00:00,0
00:00,0
2023-01-07 13:00:00,3.94
2023-01-07 14:00:00,2.43
2023-01-07 15:00:00,5.44
2023-01-07 16:00:00,1.06
2023-01-07 17:00:00,3.44
2023-01-07 18:00:00,2.75
2023-01-07 19:00:00,6.06
2023-01-07 20:00:00,1.66
00:00,0
2023-01-07 22:00:00,3.09
2023-01-07 23:00:00,0.415
2023-01-08 00:00:00,1.54
00:00,0
00:00,0
2023-01-08 03:00:00,2.04
00:00,0
00:00,0
2023-01-08 06:00:00,1.97
2023-01-08 07:00:00,7.24
2023-01-08 08:00:00,4.31
2023-01-08 09:00:00,95.7
00:00,0
2023-01-08 11:00:00,1.45
2023-01-08 12:00:00,2.35
2023-01-08 13:00:00,1.48
00:00,0
00:00,0
00:00,0
00:00,0
2023-01-08 18:00:00,1.21
2023-01-08 19:00:00,3.21
00:00,1
2023-01-08 21:00:00,3.45
2023-01-08 22:00:00,6.04
2023-01-08 23:00:00,3.14
2023-01-09 00:00:00,6.09
2023-01-09 01:00:00,10.4
2023-01-09 02:00:00,7.32
2023-01-09 03:00:00,11.7
2023-01-09 04:00:00,6.49
2023-01-09 05:00:00,11.1
2023-01-09 06:00:00,5.16
2023-01-09 07:00:00,10.0
2023-01-09 08:00:00,0.865
2023-01-09 09:00:00,85.0
2023-01-09 10:00:00,0.598
2023-01-09 11:00:00,6.15
2023-01-09 12:00:00,2.35
2023-01-09 13:00:00,4.31
2023-01-09 14:00:00,0.430
00:00,0
00:00,1
2023-01-09 17:00:00,1.74
2023-01-09 18:00:00,3.53
00:00,0
00:00,0
2023-01-09 21:00:00,3.17
2023-01-09 22:00:00,2.66
2023-01-09 23:00:00,10.5
2023-01-10 00:00:00,-0.040
2023-01-10 01:00:00,1.20
2023-01-10 02:00:00,6.14
2023-01-10 03:00:00,9.61
2023-01-10 04:00:00,1.87
2023-01-10 05:00:00,4.69
2023-01-10 06:00:00,4.10
2023-01-10 07:00:00,2.41
2023-01-10 08:00:00,5.60
2023-01-10 09:00:00,8.81
2023-01-10 10:00:00,5.50
2023-01-10 11:00:00,1.78
00:00,0
2023-01-10 13:00:00,1.41
2023-01-10 14:00:00,1.39
00:00,0
00:00,0
00:00,0
00:00,0
2023-01-10 19:00:00,7.72
00:00,0
2023-01-10 21:00:00,5.97
2023-01-10 22:00:00,5.02
2023-01-10 23:00:00,2.86
2023-01-11 00:00:00,7.36
2023-01-11 01:00:00,3.40
2023-01-11 02:00:00,5.45
2023-01-11 03:00:00,4.76
2023-01-11 04:00:00,9.61
2023-01-11 05:00:00,4.54
2023-01-11 06:00:00,10.1
00:00,0
2023-01-11 08:00:00,5.82
2023-01-11 09:00:00,0.173
2023-01-11 10:00:00,2.19
2023-01-11 11:00:00,5.67
2023-01-11 12:00:00,4.80
2023-01-11 13:00:00,2.56
2023-01-11 14:00:00,66.5
2023-01-11 15:00:00,8.76
2023-01-11 16:00:00,7.10
2023-01-11 17:00:00,0.988
2023-01-11 18:00:00,5.94
2023-01-11 19:00:00,2.47
2023-01-11 20:00:00,60.7
2023-01-11 21:00:00,2.64
2023-01-11 22:00:00,4.82
2023-01-11 23:00:00,2.38
2023-01-12 00:00:00,2.14
2023-01-12 01:00:00,8.67
2023-01-12 02:00:00,2.73
2023-01-12 03:00:00,1.93
2023-01-12 04:00:00,2.95
2023-01-12 05:00:00,92.4
2023-01-12 06:00:00,10.5
2023-01-12 07:00:00,0.727
2023-01-12 08:00:00,11.2
2023-01-12 09:00:00,1.94
2023-01-12 10:00:00,5.46
2023-01-12 11:00:00,2.30
2023-01-12 12:00:00,8.74
2023-01-12 13:00:00,6.38
2023-01-12 14:00:00,3.01
2023-01-12 15:00:00,9.15
2023-01-12 16:00:00,7.07
2023-01-12 17:00:00,10.4
2023-01-12 18:00:00,5.37
2023-01-12 19:00:00,2.59
2023-01-12 20:00:00,5.49
2023-01-12 21:00:00,0.896
2023-01-12 22:00:00,2.09
2023-01-12 23:00:00,2.12
2023-01-13 00:00:00,9.21
2023-01-13 01:00:00,5.37
2023-01-13 02:00:00,2.00
2023-01-13 03:00:00,6.75
00:00,0
2023-01-13 05:00:00,8.13
2023-01-13 06:00:00,8.33
2023-01-13 07:00:00,3.97
2023-01-13 08:00:00,5.96
2023-01-13 09:00:00,63.4
2023-01-13 10:00:00,0.509
2023-01-13 11:00:00,0.914
2023-01-13 12:00:00,2.65
2023-01-13 13:00:00,-0.047
2023-01-13 14:00:00,11.4
2023-01-13 15:00:00,8.18
2023-01-13 16:00:00,5.73
00:00,0
2023-01-13 18:00:00,3.95
2023-01-13 19:00:00,11.3
2023-01-13 20:00:00,9.29
2023-01-13 21:00:00,8.37
2023-01-13 22:00:00,2.90
2023-01-13 23:00:00,0.965
2023-01-14 00:00:00,2.99
2023-01-14 01:00:00,5.56
2023-01-14 02:00:00,2.67
2023-01-14 03:00:00,6.37
2023-01-14 04:00:00,0.660
00:00,0
2023-01-14 06:00:00,1.13
00:00,0
2023-01-14 08:00:00,3.04
2023-01-14 09:00:00,5.58
2023-01-14 10:00:00,2.69
2023-01-14 11:00:00,1.90
2023-01-14 12:00:00,7.94
00:00,0
2023-01-14 14:00:00,3.46
2023-01-14 15:00:00,7.24
2023-01-14 16:00:00,3.81
2023-01-14 17:00:00,5.07
2023-01-14 18:00:00,9.83
2023-01-14 19:00:00,3.20
2023-01-14 20:00:00,86.0
2023-01-14 21:00:00,2.05
2023-01-14 22:00:00,6.07
2023-01-14 23:00:00,7.55
2023-01-15 00:00:00,2.47
2023-01-15 01:00:00,4.23
2023-01-15 02:00:00,1.48
2023-01-15 03:00:00,3.66
2023-01-15 04:00:00,3.32
2023-01-15 05:00:00,0.230
2023-01-15 06:00:00,0.0980
2023-01-15 07:00:00,0.960
2023-01-15 08:00:00,0.306
2023-01-15 09:00:00,-0.25
2023-01-15 10:00:00,0.414
2023-01-15 11:00:00,3.44
2023-01-15 12:00:00,4.03
2023-01-15 13:00:00,2.42
2023-01-15 14:00:00,0.405
2023-01-15 15:00:00,6.25
2023-01-15 16:00:00,0.406
2023-01-15 17:00:00,5.80
2023-01-15 18:00:00,0.694
2023-01-15 19:00:00,6.35
00:00,0
2023-01-15 21:00:00,1.62
2023-01-15 22:00:00,8.93
2023-01-15 23:00:00,78.0
2023-01-16 00:00:00,64.5
2023-01-16 01:00:00,6.26
2023-01-16 02:00:00,2.70
2023-01-16 03:00:00,0.561
2023-01-16 04:00:00,0.993
2023-01-16 05:00:00,5.70
2023-01-16 06:00:00,3.63
2023-01-16 07:00:00,2.27
2023-01-16 08:00:00,5.97
2023-01-16 09:00:00,1.07
2023-01-16 10:00:00,3.41
2023-01-16 11:00:00,2.40
2023-01-16 12:00:00,5.47
2023-01-16 13:00:00,3.01
2023-01-16 14:00:00,1.14
2023-01-16 15:00:00,2.64
2023-01-16 16:00:00,5.49
2023-01-16 17:00:00,6.13
2023-01-16 18:00:00,9.29
2023-01-16 19:00:00,7.13
2023-01-16 20:00:00,9.90
2023-01-16 21:00:00,3.43
2023-01-16 22:00:00,5.84
2023-01-16 23:00:00,5.37
2023-01-17 00:00:00,10.9
2023-01-17 01:00:00,4.03
2023-01-17 02:00:00,3.60
2023-01-17 03:00:00,3.30
2023-01-17 04:00:00,3.99
2023-01-17 05:00:00,6.64
2023-01-17 06:00:00,1.73
2023-01-17 07:00:00,3.46
2023-01-17 08:00:00,2.63
2023-01-17 09:00:00,7.68
2023-01-17 10:00:00,2.11
2023-01-17 11:00:00,2.74
2023-01-17 12:00:00,7.66
2023-01-17 13:00:00,4.01
2023-01-17 14:00:00,2.09
2023-01-17 15:00:00,6.26
2023-01-17 16:00:00,4.90
2023-01-17 17:00:00,6.37
2023-01-17 18:00:00,1.49
2023-01-17 19:00:00,6.43
2023-01-17 20:00:00,5.60
2023-01-17 21:00:00,5.68
2023-01-17 22:00:00,4.25
2023-01-17 23:00:00,7.64
2023-01-18 00:00:00,8.05
2023-01-18 01:00:00,2.38
2023-01-18 02:00:00,1.98
2023-01-18 03:00:00,14.0
2023-01-18 04:00:00,3.63
2023-01-18 05:00:00,9.69
2023-01-18 06:00:00,9.36
00:00,0
2023-01-18 08:00:00,5.35
2023-01-18 09:00:00,13.8
2023-01-18 10:00:00,1.19
2023-01-18 11:00:00,1.28
2023-01-18 12:00:00,0.231
2023-01-18 13:00:00,5.42
2023-01-18 14:00:00,7.76
2023-01-18 15:00:00,3.73
2023-01-18 16:00:00,0.147
2023-01-18 17:00:00,0.708
00:00,0
18/01/2023 19:00
18/01/2023 20:00
00:00,0
00:00,0
00:00,0
2023-01-19 00:00:00,6.12
2023-01-19 01:00:00,7.82
00:00,0
00:00,0
00:00,0
00:00,0
00:00,0
00:00,0
00:00,0
00:00,0
00:00,0
2023-01-19 11:00:00,1.55
00:00,0
2023-01-19 13:00:00,2.68
2023-01-19 14:00:00,1.20
00:00,0
2023-01-19 16:00:00,2.29
2023-01-19 17:00:00,3.66
2023-01-19 18:00:00,1.12
2023-01-19 19:00:00,64.4
2023-01-19 20:00:00,10.0
2023-01-19 21:00:00,1.63
2023-01-19 22:00:00,8.63
2023-01-19 23:00:00,7.03
2023-01-20 00:00:00,3.60
2023-01-20 01:00:00,4.52
2023-01-20 02:00:00,5.50
2023-01-20 03:00:00,9.90
2023-01-20 04:00:00,1.22
2023-01-20 05:00:00,1.23
2023-01-20 06:00:00,2.80
2023-01-20 07:00:00,6.31
2023-01-20 08:00:00,1.79
2023-01-20 09:00:00,8.42
2023-01-20 10:00:00,2.14
2023-01-20 11:00:00,9.65
2023-01-20 12:00:00,2.58
2023-01-20 13:00:00,4.64
2023-01-20 14:00:00,2.10
2023-01-20 15:00:00,3.17
2023-01-20 16:00:00,2.86
00:00,0
2023-01-20 18:00:00,1.61
2023-01-20 19:00:00,6.32
00:00,0
2023-01-20 21:00:00,0.470
2023-01-20 22:00:00,3.99
00:00,0
2023-01-21 00:00:00,1.46
2023-01-21 01:00:00,-0.87
00:00,0
00:00,0
00:00,0
00:00,0
00:00,0
00:00,0
2023-01-21 08:00:00,9.12
2023-01-21 09:00:00,1.21
2023-01-21 10:00:00,3.51
2023-01-21 11:00:00,9.09
2023-01-21 12:00:00,3.92
2023-01-21 13:00:00,6.64
2023-01-21 14:00:00,1.49
00:00,0
00:00,0
00:00,0
00:00,0
00:00,0
2023-01-21 20:00:00,6.11
2023-01-21 21:00:00,-0.29
2023-01-21 22:00:00,-1.1
2023-01-21 23:00:00,-0.52
00:00,0
2023-01-22 01:00:00,2.90
2023-01-22 02:00:00,-0.20
00:00,0
2023-01-22 04:00:00,1.64
00:00,0
2023-01-22 06:00:00,4.50
2023-01-22 07:00:00,4.07
2023-01-22 08:00:00,72.7
00:00,0
00:00,0
2023-01-22 11:00:00,6.76
2023-01-22 12:00:00,6.49
2023-01-22 13:00:00,6.42
2023-01-22 14:00:00,9.42
2023-01-22 15:00:00,6.43
2023-01-22 16:00:00,6.90
2023-01-22 17:00:00,1.11
2023-01-22 18:00:00,6.85
2023-01-22 19:00:00,3.25
00:00,0
2023-01-22 21:00:00,0.939
2023-01-22 22:00:00,0.245
2023-01-22 23:00:00,6.16
2023-01-23 00:00:00,3.49
00:00,0
2023-01-23 02:00:00,7.57
2023-01-23 03:00:00,66.6
2023-01-23 04:00:00,1.26
2023-01-23 05:00:00,5.32
2023-01-23 06:00:00,2.19
2023-01-23 07:00:00,5.39
2023-01-23 08:00:00,2.85
2023-01-23 09:00:00,2.47
2023-01-23 10:00:00,-0.46
00:00,0
2023-01-23 12:00:00,3.38
00:00,0
2023-01-23 14:00:00,2.12
2023-01-23 15:00:00,1.61
2023-01-23 16:00:00,6.36
00:00,0
2023-01-23 18:00:00,3.88
2023-01-23 19:00:00,0.328
2023-01-23 20:00:00,1.54
2023-01-23 21:00:00,4.96
2023-01-23 22:00:00,3.27
2023-01-23 23:00:00,8.09
2023-01-24 00:00:00,1.98
2023-01-24 01:00:00,4.64
2023-01-24 02:00:00,3.42
00:00,0
2023-01-24 04:00:00,4.04
2023-01-24 05:00:00,4.88
2023-01-24 06:00:00,3.76
00:00,0
2023-01-24 08:00:00,3.57
00:00,0
2023-01-24 10:00:00,5.34
2023-01-24 11:00:00,-0.31
2023-01-24 12:00:00,4.06
2023-01-24 13:00:00,3.40
00:00,0
2023-01-24 15:00:00,3.66
2023-01-24 16:00:00,6.74
00:00,2
2023-01-24 18:00:00,13.2
2023-01-24 19:00:00,0.912
2023-01-24 20:00:00,1.36
2023-01-24 21:00:00,6.60
2023-01-24 22:00:00,2.90
2023-01-24 23:00:00,11.1
00:00,0
2023-01-25 01:00:00,0.633
2023-01-25 02:00:00,1.71
2023-01-25 03:00:00,1.97
00:00,0
2023-01-25 05:00:00,4.98
2023-01-25 06:00:00,4.62
2023-01-25 07:00:00,1.44
2023-01-25 08:00:00,4.75
00:00,0
00:00,0
00:00,0
2023-01-25 12:00:00,4.94
2023-01-25 13:00:00,4.32
00:00,0
2023-01-25 15:00:00,1.88
2023-01-25 16:00:00,4.31
2023-01-25 17:00:00,4.69
2023-01-25 18:00:00,8.60
2023-01-25 19:00:00,1.61
2023-01-25 20:00:00,8.13
2023-01-25 21:00:00,9.69
2023-01-25 22:00:00,6.49
2023-01-25 23:00:00,3.74
2023-01-26 00:00:00,6.02
2023-01-26 01:00:00,9.29
2023-01-26 02:00:00,35.7
2023-01-26 03:00:00,7.28
2023-01-26 04:00:00,0.308
00:00,0
2023-01-26 06:00:00,3.46
2023-01-26 07:00:00,8.96
00:00,0
00:00,0
2023-01-26 10:00:00,1.40
2023-01-26 11:00:00,6.79
00:00,0
2023-01-26 13:00:00,6.74
2023-01-26 14:00:00,4.42
2023-01-26 15:00:00,3.19
2023-01-26 16:00:00,7.00
2023-01-26 17:00:00,2.11
2023-01-26 18:00:00,6.58
00:00,0
00:00,0
2023-01-26 21:00:00,2.41
2023-01-26 22:00:00,5.14
2023-01-26 23:00:00,4.11
00:00,0
2023-01-27 01:00:00,2.80
2023-01-27 02:00:00,4.71
2023-01-27 03:00:00,1.46
2023-01-27 04:00:00,4.72
2023-01-27 05:00:00,3.85
2023-01-27 06:00:00,-0.17
2023-01-27 07:00:00,-0.37
2023-01-27 08:00:00,-0.57
00:00,0
00:00,0
00:00,0
00:00,0
00:00,0
00:00,0
2023-01-27 15:00:00,1.75
00:00,0
00:00,0
00:00,0
00:00,0
00:00,0
00:00,0
00:00,0
00:00,0
2023-01-28 00:00:00,4.63
2023-01-28 01:00:00,2.07
2023-01-28 02:00:00,1.43
2023-01-28 03:00:00,2.86
2023-01-28 04:00:00,6.03
00:00,0
2023-01-28 06:00:00,2.12
2023-01-28 07:00:00,1.94
00:00,0
00:00,0
2023-01-28 10:00:00,0.545
2023-01-28 11:00:00,0.989
2023-01-28 12:00:00,1.55
2023-01-28 13:00:00,4.10
2023-01-28 14:00:00,7.40
2023-01-28 15:00:00,3.29
2023-01-28 16:00:00,10.3
2023-01-28 17:00:00,2.97
2023-01-28 18:00:00,2.21
2023-01-28 19:00:00,8.55
2023-01-28 20:00:00,4.48
2023-01-28 21:00:00,1.44
2023-01-28 22:00:00,6.18
2023-01-28 23:00:00,2.64
2023-01-29 00:00:00,6.31
2023-01-29 01:00:00,8.80
2023-01-29 02:00:00,1.30
2023-01-29 03:00:00,7.38
2023-01-29 04:00:00,4.71
2023-01-29 05:00:00,10.6
2023-01-29 06:00:00,5.15
00:00,0
2023-01-29 08:00:00,5.00
00:00,0
2023-01-29 10:00:00,3.02
2023-01-29 11:00:00,3.10
2023-01-29 12:00:00,4.39
2023-01-29 13:00:00,3.72
2023-01-29 14:00:00,2.65
2023-01-29 15:00:00,0.249
00:00,0
2023-01-29 17:00:00,6.87
2023-01-29 18:00:00,6.91
2023-01-29 19:00:00,5.07
2023-01-29 20:00:00,95.4
2023-01-29 21:00:00,4.93
2023-01-29 22:00:00,2.30
2023-01-29 23:00:00,7.01
2023-01-30 00:00:00,4.45
2023-01-30 01:00:00,-0.18
2023-01-30 02:00:00,1.87
2023-01-30 03:00:00,6.45
2023-01-30 04:00:00,1.44
2023-01-30 05:00:00,1.88
00:00,0
00:00,0
00:00,0
00:00,0
2023-01-30 10:00:00,7.91
2023-01-30 11:00:00,2.08
00:00,0
2023-01-30 13:00:00,1.29
2023-01-30 14:00:00,2.00
00:00,0
2023-01-30 16:00:00,2.13
2023-01-30 17:00:00,2.31
2023-01-30 18:00:00,3.23
2023-01-30 19:00:00,1.57
2023-01-30 20:00:00,-0.059
2023-01-30 21:00:00,2.75
2023-01-30 22:00:00,5.51
2023-01-30 23:00:00,3.62
2023-01-31 00:00:00,1.89
00:00,0
2023-01-31 02:00:00,5.03
2023-01-31 03:00:00,1.73
00:00,0
2023-01-31 05:00:00,2.50
00:00,0
2023-01-31 07:00:00,0.294
2023-01-31 08:00:00,1.78
00:00,0
00:00,0
00:00,0
00:00,0
2023-01-31 13:00:00,6.62
00:00,0
00:00,0
00:00,0
2023-01-31 17:00:00,3.42
2023-01-31 18:00:00,7.50
2023-01-31 19:00:00,3.20
2023-01-31 20:00:00,0.966
2023-01-31 21:00:00,6.36
2023-01-31 22:00:00,1.02
00:00,0
00:00,0
2023-02-01 01:00:00,5.65
2023-02-01 02:00:00,5.52
2023-02-01 03:00:00,4.50
2023-02-01 04:00:00,0.937
2023-02-01 05:00:00,9.52
2023-02-01 06:00:00,1.09
2023-02-01 07:00:00,1.66
2023-02-01 08:00:00,2.07
2023-02-01 09:00:00,2.97
2023-02-01 10:00:00,4.41
2023-02-01 11:00:00,0.774
2023-02-01 12:00:00,3.74
00:00,0
2023-02-01 14:00:00,2.93
2023-02-01 15:00:00,1.59
2023-02-01 16:00:00,9.46
2023-02-01 17:00:00,3.49
2023-02-01 18:00:00,7.39
2023-02-01 19:00:00,9.51
2023-02-01 20:00:00,7.74
2023-02-01 21:00:00,9.73
2023-02-01 22:00:00,4.42
2023-02-01 23:00:00,4.93
2023-02-02 00:00:00,4.98
2023-02-02 01:00:00,9.60
2023-02-02 02:00:00,1.51
2023-02-02 03:00:00,5.62
00:00,0
00:00,0
00:00,0
00:00,0
00:00,0
00:00,0
2023-02-02 10:00:00,2.12
2023-02-02 11:00:00,2.76
2023-02-02 12:00:00,3.85
2023-02-02 13:00:00,3.34
00:00,0
00:00,0
2023-02-02 16:00:00,4.45
2023-02-02 17:00:00,3.93
2023-02-02 18:00:00,0.639
2023-02-02 19:00:00,1.52
2023-02-02 20:00:00,8.38
00:00,0
2023-02-02 22:00:00,3.37
2023-02-02 23:00:00,6.41
2023-02-03 00:00:00,3.93
2023-02-03 01:00:00,3.92
00:00,0
2023-02-03 03:00:00,8.00
2023-02-03 04:00:00,6.22
2023-02-03 05:00:00,9.11
2023-02-03 06:00:00,6.45
2023-02-03 07:00:00,2.45
2023-02-03 08:00:00,7.32
2023-02-03 09:00:00,2.95
2023-02-03 10:00:00,6.42
2023-02-03 11:00:00,5.89
2023-02-03 12:00:00,8.64
2023-02-03 13:00:00,8.81
2023-02-03 14:00:00,8.80
2023-02-03 15:00:00,7.27
2023-02-03 16:00:00,1.59
2023-02-03 17:00:00,1.08
00:00,0
00:00,0
00:00,0
00:00,0
2023-02-03 22:00:00,2.95
2023-02-03 23:00:00,1.25
2023-02-04 00:00:00,4.74
2023-02-04 01:00:00,4.78
2023-02-04 02:00:00,9.43
2023-02-04 03:00:00,7.05
2023-02-04 04:00:00,7.14
2023-02-04 05:00:00,9.21
2023-02-04 06:00:00,7.60
2023-02-04 07:00:00,0.819
2023-02-04 08:00:00,9.46
2023-02-04 09:00:00,2.68
2023-02-04 10:00:00,8.59
2023-02-04 11:00:00,9.06
2023-02-04 12:00:00,8.60
2023-02-04 13:00:00,4.68
2023-02-04 14:00:00,4.04
2023-02-04 15:00:00,5.35
2023-02-04 16:00:00,5.49
2023-02-04 17:00:00,1.96
2023-02-04 18:00:00,6.10
2023-02-04 19:00:00,4.63
2023-02-04 20:00:00,0.712
2023-02-04 21:00:00,3.57
2023-02-04 22:00:00,6.09
2023-02-04 23:00:00,4.99
2023-02-05 00:00:00,0.236
2023-02-05 01:00:00,2.63
2023-02-05 02:00:00,7.81
2023-02-05 03:00:00,7.37
2023-02-05 04:00:00,3.96
2023-02-05 05:00:00,9.00
2023-02-05 06:00:00,8.09
2023-02-05 07:00:00,2.27
2023-02-05 08:00:00,1.95
2023-02-05 09:00:00,3.29
2023-02-05 10:00:00,7.59
2023-02-05 11:00:00,1.62
2023-02-05 12:00:00,4.45
2023-02-05 13:00:00,4.36
00:00,0
2023-02-05 15:00:00,1.34
2023-02-05 16:00:00,5.12
2023-02-05 17:00:00,6.64
2023-02-05 18:00:00,3.64
2023-02-05 19:00:00,3.88
2023-02-05 20:00:00,8.42
2023-02-05 21:00:00,0.462
2023-02-05 22:00:00,7.94
2023-02-05 23:00:00,7.59
2023-02-06 00:00:00,7.79
2023-02-06 01:00:00,4.52
2023-02-06 02:00:00,4.13
2023-02-06 03:00:00,3.93
2023-02-06 04:00:00,6.87
2023-02-06 05:00:00,4.05
2023-02-06 06:00:00,2.53
2023-02-06 07:00:00,1.76
2023-02-06 08:00:00,2.62
2023-02-06 09:00:00,4.09
00:00,0
2023-02-06 11:00:00,3.30
2023-02-06 12:00:00,5.77
2023-02-06 13:00:00,1.56
00:00,0
2023-02-06 15:00:00,1.69
2023-02-06 16:00:00,1.94
2023-02-06 17:00:00,0.895
2023-02-06 18:00:00,3.49
2023-02-06 19:00:00,2.21
2023-02-06 20:00:00,7.49
2023-02-06 21:00:00,58.1
2023-02-06 22:00:00,6.30
2023-02-06 23:00:00,2.13
2023-02-07 00:00:00,3.40
2023-02-07 01:00:00,3.78
2023-02-07 02:00:00,5.40
2023-02-07 03:00:00,9.53
2023-02-07 04:00:00,0.916
00:00,0
00:00,0
00:00,0
2023-02-07 08:00:00,1.60
00:00,0
00:00,0
00:00,0
00:00,0
2023-02-07 13:00:00,0.638
2023-02-07 14:00:00,1.53
2023-02-07 15:00:00,1.70
2023-02-07 16:00:00,4.11
2023-02-07 17:00:00,2.11
2023-02-07 18:00:00,6.16
2023-02-07 19:00:00,5.89
2023-02-07 20:00:00,4.49
2023-02-07 21:00:00,8.32
00:00,0
00:00,0
00:00,0
2023-02-08 01:00:00,8.69
2023-02-08 02:00:00,73.7
2023-02-08 03:00:00,2.62
2023-02-08 04:00:00,6.99
2023-02-08 05:00:00,55.9
2023-02-08 06:00:00,1.62
2023-02-08 07:00:00,0.369
2023-02-08 08:00:00,3.48
2023-02-08 09:00:00,2.98
2023-02-08 10:00:00,2.77
2023-02-08 11:00:00,8.30
2023-02-08 12:00:00,7.56
2023-02-08 13:00:00,5.73
2023-02-08 14:00:00,0.412
2023-02-08 15:00:00,2.27
2023-02-08 16:00:00,1.73
2023-02-08 17:00:00,2.97
2023-02-08 18:00:00,2.89
00:00,0
00:00,0
00:00,0
00:00,0
00:00,0
00:00,0
2023-02-09 01:00:00,8.72
2023-02-09 02:00:00,1.77
2023-02-09 03:00:00,2.49
00:00,0
00:00,0
00:00,0
2023-02-09 07:00:00,3.43
2023-02-09 08:00:00,0.790
2023-02-09 09:00:00,0.0658
2023-02-09 10:00:00,7.23
2023-02-09 11:00:00,2.64
2023-02-09 12:00:00,4.73
00:00,0
2023-02-09 14:00:00,5.77
2023-02-09 15:00:00,4.15
2023-02-09 16:00:00,5.77
2023-02-09 17:00:00,6.21
2023-02-09 18:00:00,4.48
2023-02-09 19:00:00,6.29
2023-02-09 20:00:00,7.03
2023-02-09 21:00:00,0.246
2023-02-09 22:00:00,2.61
2023-02-09 23:00:00,90.6
2023-02-10 00:00:00,5.22
00:00,0
2023-02-10 02:00:00,4.48
2023-02-10 03:00:00,3.79
2023-02-10 04:00:00,1.68
2023-02-10 05:00:00,4.52
2023-02-10 06:00:00,1.90
2023-02-10 07:00:00,-0.72
00:00,0
00:00,0
00:00,0
00:00,0
2023-02-10 12:00:00,5.22
2023-02-10 13:00:00,7.65
2023-02-10 14:00:00,7.71
2023-02-10 15:00:00,7.41
2023-02-10 16:00:00,9.71
2023-02-10 17:00:00,11.3
2023-02-10 18:00:00,8.65
2023-02-10 19:00:00,4.93
2023-02-10 20:00:00,2.67
2023-02-10 21:00:00,6.82
2023-02-10 22:00:00,1.19
2023-02-10 23:00:00,7.45
2023-02-11 00:00:00,8.91
2023-02-11 01:00:00,4.98
2023-02-11 02:00:00,5.08
2023-02-11 03:00:00,4.12
2023-02-11 04:00:00,9.49
2023-02-11 05:00:00,5.34
2023-02-11 06:00:00,82.9
2023-02-11 07:00:00,3.04
00:00,0
2023-02-11 09:00:00,2.98
2023-02-11 10:00:00,1.69
00:00,0
00:00,0
00:00,0
00:00,0
00:00,0
2023-02-11 16:00:00,2.84
2023-02-11 17:00:00,-0.0035
2023-02-11 18:00:00,2.67
2023-02-11 19:00:00,5.32
2023-02-11 20:00:00,0.309
00:00,0
2023-02-11 22:00:00,6.00
2023-02-11 23:00:00,3.53
00:00,0
00:00,0
00:00,0
00:00,0
00:00,0
00:00,0
00:00,0
00:00,0
00:00,0
00:00,0
00:00,0
00:00,0
00:00,0
00:00,0
00:00,0
00:00,0
00:00,0
00:00,0
00:00,0
00:00,0
00:00,0
00:00,0
00:00,0
00:00,0
00:00,0
00:00,0
00:00,0
00:00,0
00:00,0
00:00,0
2023-02-13 06:00:00,2.09
2023-02-13 07:00:00,1.59
2023-02-13 08:00:00,8.27
2023-02-13 09:00:00,0.230
2023-02-13 10:00:00,9.45
2023-02-13 11:00:00,0.127
2023-02-13 12:00:00,0.240
2023-02-13 13:00:00,2.62
2023-02-13 14:00:00,-0.015
2023-02-13 15:00:00,0.536
2023-02-13 16:00:00,0.0435
2023-02-13 17:00:00,7.79
2023-02-13 18:00:00,4.19
2023-02-13 19:00:00,5.64
2023-02-13 20:00:00,4.22
2023-02-13 21:00:00,89.1
2023-02-13 22:00:00,2.28
00:00,0
00:00,0
00:00,0
00:00,0
00:00,0
2023-02-14 04:00:00,6.48
2023-02-14 05:00:00,10.7
2023-02-14 06:00:00,3.81
2023-02-14 07:00:00,7.02
2023-02-14 08:00:00,4.42
2023-02-14 09:00:00,6.99
2023-02-14 10:00:00,9.18
2023-02-14 11:00:00,0.990
2023-02-14 12:00:00,5.36
00:00,0
2023-02-14 14:00:00,4.36
2023-02-14 15:00:00,6.41
2023-02-14 16:00:00,6.36
2023-02-14 17:00:00,9.42
2023-02-14 18:00:00,1.47
2023-02-14 19:00:00,2.96
2023-02-14 20:00:00,7.80
2023-02-14 21:00:00,3.02
2023-02-14 22:00:00,2.56
2023-02-14 23:00:00,1.90
00:00,0
2023-02-15 01:00:00,8.32
2023-02-15 02:00:00,6.21
2023-02-15 03:00:00,12.0
2023-02-15 04:00:00,10.9
2023-02-15 05:00:00,9.41
2023-02-15 06:00:00,9.94
2023-02-15 07:00:00,8.50
2023-02-15 08:00:00,4.76
2023-02-15 09:00:00,6.76
2023-02-15 10:00:00,0.895
2023-02-15 11:00:00,5.67
2023-02-15 12:00:00,6.36
00:00,0
2023-02-15 14:00:00,0.749
2023-02-15 15:00:00,3.03
2023-02-15 16:00:00,8.37
2023-02-15 17:00:00,7.26
2023-02-15 18:00:00,9.38
2023-02-15 19:00:00,6.60
00:00,0
2023-02-15 21:00:00,4.64
2023-02-15 22:00:00,4.84
2023-02-15 23:00:00,1.26
2023-02-16 00:00:00,10.2
2023-02-16 01:00:00,12.6
2023-02-16 02:00:00,11.1
2023-02-16 03:00:00,9.82
2023-02-16 04:00:00,7.58
2023-02-16 05:00:00,9.81
2023-02-16 06:00:00,3.32
00:00,0
2023-02-16 08:00:00,6.25
2023-02-16 09:00:00,2.36
2023-02-16 10:00:00,1.49
2023-02-16 11:00:00,6.33
2023-02-16 12:00:00,1.05
2023-02-16 13:00:00,7.31
2023-02-16 14:00:00,1.79
00:00,0
2023-02-16 16:00:00,0.449
2023-02-16 17:00:00,2.82
00:00,0
00:00,0
2023-02-16 20:00:00,7.68
2023-02-16 21:00:00,2.67
2023-02-16 22:00:00,5.48
2023-02-16 23:00:00,2.55
2023-02-17 00:00:00,7.68
2023-02-17 01:00:00,4.66
2023-02-17 02:00:00,2.49
2023-02-17 03:00:00,10.9
2023-02-17 04:00:00,5.41
2023-02-17 05:00:00,7.86
2023-02-17 06:00:00,3.60
2023-02-17 07:00:00,8.02
2023-02-17 08:00:00,3.08
2023-02-17 09:00:00,6.95
2023-02-17 10:00:00,3.98
2023-02-17 11:00:00,5.04
2023-02-17 12:00:00,2.15
2023-02-17 13:00:00,6.33
2023-02-17 14:00:00,3.71
00:00,0
2023-02-17 16:00:00,0.206
2023-02-17 17:00:00,1.58
2023-02-17 18:00:00,8.01
2023-02-17 19:00:00,2.27
2023-02-17 20:00:00,4.17
2023-02-17 21:00:00,5.91
00:00,0
2023-02-17 23:00:00,23.1
2023-02-18 00:00:00,4.98
2023-02-18 01:00:00,8.19
2023-02-18 02:00:00,9.34
2023-02-18 03:00:00,7.96
2023-02-18 04:00:00,5.21
2023-02-18 05:00:00,6.84
2023-02-18 06:00:00,6.91
2023-02-18 07:00:00,7.74
2023-02-18 08:00:00,5.84
2023-02-18 09:00:00,22.3
2023-02-18 10:00:00,4.16
2023-02-18 11:00:00,4.97
2023-02-18 12:00:00,2.79
00:00,0
2023-02-18 14:00:00,0.274
2023-02-18 15:00:00,2.15
2023-02-18 16:00:00,4.08
00:00,0
2023-02-18 18:00:00,1.59
2023-02-18 19:00:00,7.16
2023-02-18 20:00:00,0.581
2023-02-18 21:00:00,3.33
00:00,0
2023-02-18 23:00:00,2.75
2023-02-19 00:00:00,4.35
2023-02-19 01:00:00,3.06
2023-02-19 02:00:00,3.37
2023-02-19 03:00:00,3.81
00:00,0
2023-02-19 05:00:00,3.29
2023-02-19 06:00:00,1.26
00:00,0
2023-02-19 08:00:00,8.19
2023-02-19 09:00:00,7.80
2023-02-19 10:00:00,2.76
2023-02-19 11:00:00,2.16
2023-02-19 12:00:00,4.39
2023-02-19 13:00:00,1.09
2023-02-19 14:00:00,5.06
2023-02-19 15:00:00,0.230
2023-02-19 16:00:00,2.57
00:00,0
2023-02-19 18:00:00,6.77
2023-02-19 19:00:00,8.35
2023-02-19 20:00:00,3.48
2023-02-19 21:00:00,2.06
2023-02-19 22:00:00,6.81
2023-02-19 23:00:00,0.554
2023-02-20 00:00:00,4.57
00:00,0
2023-02-20 02:00:00,7.10
2023-02-20 03:00:00,0.222
2023-02-20 04:00:00,3.38
2023-02-20 05:00:00,6.79
2023-02-20 06:00:00,3.19
00:00,0
2023-02-20 08:00:00,73.0
00:00,0
00:00,0
00:00,0
00:00,0
00:00,0
00:00,0
00:00,0
00:00,0
2023-02-20 17:00:00,6.03
00:00,0
2023-02-20 19:00:00,4.90
2023-02-20 20:00:00,1.89
00:00,0
00:00,0
2023-02-20 23:00:00,1.23
2023-02-21 00:00:00,-0.049
2023-02-21 01:00:00,-0.069
00:00,0
00:00,0
00:00,0
00:00,0
2023-02-21 06:00:00,2.42
00:00,0
00:00,0
2023-02-21 09:00:00,3.82
2023-02-21 10:00:00,0.107
2023-02-21 11:00:00,4.54
2023-02-21 12:00:00,1.75
2023-02-21 13:00:00,0.836
2023-02-21 14:00:00,4.38
2023-02-21 15:00:00,2.82
2023-02-21 16:00:00,5.46
2023-02-21 17:00:00,3.98
2023-02-21 18:00:00,7.29
2023-02-21 19:00:00,0.381
2023-02-21 20:00:00,1.75
2023-02-21 21:00:00,5.22
2023-02-21 22:00:00,0.565
2023-02-21 23:00:00,1.96
2023-02-22 00:00:00,2.00
00:00,0
2023-02-22 02:00:00,83.2
2023-02-22 03:00:00,8.45
2023-02-22 04:00:00,11.0
2023-02-22 05:00:00,9.82
2023-02-22 06:00:00,10.2
2023-02-22 07:00:00,4.15
00:00,0
2023-02-22 09:00:00,7.50
2023-02-22 10:00:00,4.04
00:00,0
00:00,0
2023-02-22 13:00:00,3.13
2023-02-22 14:00:00,8.67
2023-02-22 15:00:00,7.98
2023-02-22 16:00:00,2.16
2023-02-22 17:00:00,99.9
2023-02-22 18:00:00,7.65
2023-02-22 19:00:00,1.65
2023-02-22 20:00:00,94.8
2023-02-22 21:00:00,4.21
2023-02-22 22:00:00,2.10
2023-02-22 23:00:00,6.14
2023-02-23 00:00:00,5.37
2023-02-23 01:00:00,6.59
2023-02-23 02:00:00,4.39
00:00,2
2023-02-23 04:00:00,5.42
2023-02-23 05:00:00,2.15
2023-02-23 06:00:00,7.88
2023-02-23 07:00:00,5.32
2023-02-23 08:00:00,6.42
2023-02-23 09:00:00,2.27
00:00,0
00:00,0
2023-02-23 12:00:00,3.60
2023-02-23 13:00:00,1.21
2023-02-23 14:00:00,2.72
2023-02-23 15:00:00,4.82
2023-02-23 16:00:00,0.635
00:00,0
2023-02-23 18:00:00,1.58
2023-02-23 19:00:00,10.6
2023-02-23 20:00:00,8.53
2023-02-23 21:00:00,3.17
2023-02-23 22:00:00,4.00
2023-02-23 23:00:00,6.73
2023-02-24 00:00:00,2.99
2023-02-24 01:00:00,8.79
2023-02-24 02:00:00,10.6
2023-02-24 03:00:00,5.84
2023-02-24 04:00:00,7.14
2023-02-24 05:00:00,9.48
2023-02-24 06:00:00,4.21
2023-02-24 07:00:00,7.60
2023-02-24 08:00:00,2.69
2023-02-24 09:00:00,11.1
2023-02-24 10:00:00,4.87
2023-02-24 11:00:00,1.56
2023-02-24 12:00:00,1.37
2023-02-24 13:00:00,5.40
2023-02-24 14:00:00,1.45
2023-02-24 15:00:00,4.35
2023-02-24 16:00:00,8.50
00:00,1
2023-02-24 18:00:00,1.97
2023-02-24 19:00:00,8.56
2023-02-24 20:00:00,7.65
2023-02-24 21:00:00,7.55
00:00,0
2023-02-24 23:00:00,5.20
2023-02-25 00:00:00,5.50
2023-02-25 01:00:00,7.13
2023-02-25 02:00:00,1.64
2023-02-25 03:00:00,4.81
2023-02-25 04:00:00,3.10
2023-02-25 05:00:00,4.97
2023-02-25 06:00:00,4.18
2023-02-25 07:00:00,5.35
2023-02-25 08:00:00,8.58
2023-02-25 09:00:00,2.22
2023-02-25 10:00:00,9.98
00:00,0
2023-02-25 12:00:00,0.902
2023-02-25 13:00:00,2.56
00:00,0
2023-02-25 15:00:00,3.17
00:00,0
2023-02-25 17:00:00,2.79
2023-02-25 18:00:00,0.577
2023-02-25 19:00:00,2.33
2023-02-25 20:00:00,1.08
2023-02-25 21:00:00,8.09
2023-02-25 22:00:00,1.26
00:00,0
2023-02-26 00:00:00,4.97
2023-02-26 01:00:00,9.09
2023-02-26 02:00:00,1.46
00:00,0
2023-02-26 04:00:00,4.91
2023-02-26 05:00:00,3.56
2023-02-26 06:00:00,1.44
2023-02-26 07:00:00,1.91
2023-02-26 08:00:00,7.34
2023-02-26 09:00:00,1.74
2023-02-26 10:00:00,5.09
2023-02-26 11:00:00,2.26
2023-02-26 12:00:00,1.36
2023-02-26 13:00:00,3.07
2023-02-26 14:00:00,3.24
2023-02-26 15:00:00,5.69
2023-02-26 16:00:00,1.86
2023-02-26 17:00:00,0.827
2023-02-26 18:00:00,4.14
2023-02-26 19:00:00,5.19
2023-02-26 20:00:00,8.22
2023-02-26 21:00:00,1.69
2023-02-26 22:00:00,3.66
2023-02-26 23:00:00,4.74
2023-02-27 00:00:00,2.36
2023-02-27 01:00:00,9.19
2023-02-27 02:00:00,4.69
00:00,0
2023-02-27 04:00:00,7.87
2023-02-27 05:00:00,2.28
2023-02-27 06:00:00,3.60
2023-02-27 07:00:00,6.72
2023-02-27 08:00:00,5.75
2023-02-27 09:00:00,1.05
2023-02-27 10:00:00,5.75
2023-02-27 11:00:00,4.96
2023-02-27 12:00:00,3.07
00:00,0
2023-02-27 14:00:00,3.99
2023-02-27 15:00:00,0.472
2023-02-27 16:00:00,0.937
00:00,0
00:00,0
2023-02-27 19:00:00,0.711
2023-02-27 20:00:00,0.0868
2023-02-27 21:00:00,2.74
2023-02-27 22:00:00,4.55
2023-02-27 23:00:00,3.72
2023-02-28 00:00:00,0.898
00:00,2
2023-02-28 02:00:00,5.41
2023-02-28 03:00:00,3.37
2023-02-28 04:00:00,5.69
2023-02-28 05:00:00,5.15
2023-02-28 06:00:00,1.17
00:00,1
2023-02-28 08:00:00,6.47
2023-02-28 09:00:00,6.82
2023-02-28 10:00:00,3.08
2023-02-28 11:00:00,7.60
2023-02-28 12:00:00,1.43
2023-02-28 13:00:00,4.92
2023-02-28 14:00:00,6.86
2023-02-28 15:00:00,3.51
2023-02-28 16:00:00,2.35
2023-02-28 17:00:00,5.48
00:00,0
2023-02-28 19:00:00,3.08
2023-02-28 20:00:00,6.40
2023-02-28 21:00:00,5.21
2023-02-28 22:00:00,2.75
2023-02-28 23:00:00,7.15
